dgp,has_true_regimes,rep,horizon,rmse_gated,rmse_pooled,improvement_pct,uncond_vol,excess_persistence_no_vol,state_recovery_ari,sep_ratio,monotone,mean_self_transition,excess_persistence,n_states_used,state_entropy,redundancy_acc,redundancy_base_rate
ms_level,True,1,1,0.00874563218475327,0.008756311302230904,0.12195908881076462,0.010543379151011813,0.2056836983573227,0.20644463883807337,3.0042077118569943,True,0.6590648437986598,0.32573151046532645,3,1.0831276792723312,0.9682242990654205,0.36261682242990656
ms_level,True,1,5,0.006066333823888403,0.00612954744566329,1.0312934573923778,0.010543379151011813,0.2056836983573227,0.20644463883807337,3.0042077118569943,True,0.6590648437986598,0.32573151046532645,3,1.0831276792723312,0.9682242990654205,0.36261682242990656
ms_level,True,1,20,0.005689269650657272,0.005747179467826272,1.0076215210119936,0.010543379151011813,0.2056836983573227,0.20644463883807337,3.0042077118569943,True,0.6590648437986598,0.32573151046532645,3,1.0831276792723312,0.9682242990654205,0.36261682242990656
ms_level,True,0,1,0.00841160465406638,0.008463933914399134,0.6182616837748408,0.010001211482460682,0.1764158939322732,0.19031892092907896,3.2642235293743522,True,0.6690991688955418,0.33576583556220846,3,1.0894855103911105,0.9757009345794393,0.38753894080996887
ms_level,True,0,5,0.006165798135285084,0.006170771622805375,0.08059749775718593,0.010001211482460682,0.1764158939322732,0.19031892092907896,3.2642235293743522,True,0.6690991688955418,0.33576583556220846,3,1.0894855103911105,0.9757009345794393,0.38753894080996887
ms_level,True,0,20,0.005941617223202325,0.005904350317325304,-0.6311770791727555,0.010001211482460682,0.1764158939322732,0.19031892092907896,3.2642235293743522,True,0.6690991688955418,0.33576583556220846,3,1.0894855103911105,0.9757009345794393,0.38753894080996887
ms_slope,True,9,1,0.010547367670220754,0.010478756710360516,-0.6547624089067895,0.012995016429182727,0.15242683519311495,0.023993350969607884,2.6947203439240486,True,0.7142232711492431,0.3808899378159098,3,1.0581632770304448,0.9632398753894081,0.4834890965732087
ms_slope,True,9,5,0.006606796310370747,0.0065896187010270535,-0.26067683310745177,0.012995016429182727,0.15242683519311495,0.023993350969607884,2.6947203439240486,True,0.7142232711492431,0.3808899378159098,3,1.0581632770304448,0.9632398753894081,0.4834890965732087
ms_slope,True,9,20,0.005797192859640434,0.005717100754765004,-1.4009216963454056,0.012995016429182727,0.15242683519311495,0.023993350969607884,2.6947203439240486,True,0.7142232711492431,0.3808899378159098,3,1.0581632770304448,0.9632398753894081,0.4834890965732087
ms_slope,True,4,1,0.007659504083271752,0.0076335257144330634,-0.34031939906313097,0.010383108003038868,0.13063614894098982,0.1145422909605328,2.6473067653473983,True,0.7032173837864031,0.36988405045306977,3,1.0817403361388398,0.9663551401869159,0.4585669781931464
ms_slope,True,4,5,0.005364350304748293,0.00531055405891587,-1.013006274592097,0.010383108003038868,0.13063614894098982,0.1145422909605328,2.6473067653473983,True,0.7032173837864031,0.36988405045306977,3,1.0817403361388398,0.9663551401869159,0.4585669781931464
ms_slope,True,4,20,0.004880269179252489,0.004781356592639769,-2.0687138617726593,0.010383108003038868,0.13063614894098982,0.1145422909605328,2.6473067653473983,True,0.7032173837864031,0.36988405045306977,3,1.0817403361388398,0.9663551401869159,0.4585669781931464
ms_slope,True,2,1,0.009520465264350747,0.009558037034297062,0.3930908596764854,0.012344456418681206,0.1515892606412412,0.15993881466885024,2.8276562432552748,True,0.7355274527382859,0.40219411940495275,3,1.0865704661568314,0.9632398753894081,0.4093457943925234
ms_slope,True,2,5,0.006168440081198413,0.006226959913616964,0.9397817431035801,0.012344456418681206,0.1515892606412412,0.15993881466885024,2.8276562432552748,True,0.7355274527382859,0.40219411940495275,3,1.0865704661568314,0.9632398753894081,0.4093457943925234
ms_slope,True,2,20,0.005453825959199044,0.0054644292411322225,0.19404189285433454,0.012344456418681206,0.1515892606412412,0.15993881466885024,2.8276562432552748,True,0.7355274527382859,0.40219411940495275,3,1.0865704661568314,0.9632398753894081,0.4093457943925234
ms_slope,True,5,1,0.009289230248581129,0.009304262152142145,0.161559329640723,0.012038969514311928,0.15339970277572598,0.09760654445042664,2.9217570187489836,True,0.6957478564941256,0.3624145231607923,3,1.079946503853721,0.9694704049844237,0.4143302180685358
ms_slope,True,5,5,0.006192198042000604,0.006146473688250058,-0.7439119740796261,0.012038969514311928,0.15339970277572598,0.09760654445042664,2.9217570187489836,True,0.6957478564941256,0.3624145231607923,3,1.079946503853721,0.9694704049844237,0.4143302180685358
ms_slope,True,5,20,0.005666086968072846,0.00567070839518973,0.08149646913257588,0.012038969514311928,0.15339970277572598,0.09760654445042664,2.9217570187489836,True,0.6957478564941256,0.3624145231607923,3,1.079946503853721,0.9694704049844237,0.4143302180685358
ms_slope,True,7,1,0.008309564140733488,0.008321757828535743,0.14652778960284346,0.011228508983881938,0.13297670968071304,0.10181281822679879,2.6772718952008785,True,0.7073801997644188,0.3740468664310854,3,1.0975009480848863,0.9439252336448598,0.43613707165109034
ms_slope,True,7,5,0.0056315316857086534,0.005581481549793965,-0.8967177525926997,0.011228508983881938,0.13297670968071304,0.10181281822679879,2.6772718952008785,True,0.7073801997644188,0.3740468664310854,3,1.0975009480848863,0.9439252336448598,0.43613707165109034
ms_slope,True,7,20,0.0050460428519863414,0.004937748925612245,-2.1931841413072344,0.011228508983881938,0.13297670968071304,0.10181281822679879,2.6772718952008785,True,0.7073801997644188,0.3740468664310854,3,1.0975009480848863,0.9439252336448598,0.43613707165109034
ms_slope,True,0,1,0.009538397489927915,0.009553164677327596,0.1545790101863126,0.012822492098238424,0.1510939519665511,0.1588627442125249,3.372221458827317,True,0.9614816264718761,0.6281482931385427,3,1.0962556679520123,0.9520249221183801,0.4604361370716511
ms_slope,True,0,5,0.0064955847518549555,0.006414044727305166,-1.2712730892359803,0.012822492098238424,0.1510939519665511,0.1588627442125249,3.372221458827317,True,0.9614816264718761,0.6281482931385427,3,1.0962556679520123,0.9520249221183801,0.4604361370716511
ms_slope,True,0,20,0.005642688713162998,0.005523497882993831,-2.1578867720062083,0.012822492098238424,0.1510939519665511,0.1588627442125249,3.372221458827317,True,0.9614816264718761,0.6281482931385427,3,1.0962556679520123,0.9520249221183801,0.4604361370716511
ms_slope,True,10,1,0.010237631649308021,0.010208295764811779,-0.2873729873439153,0.013340572160198115,0.13622338123496375,0.10875562823066204,2.4380124942632753,True,0.742595136023133,0.40926180268979967,3,1.0838493882841496,0.9557632398753894,0.42118380062305294
ms_slope,True,10,5,0.006980169166325778,0.0069532555903807376,-0.3870643843766288,0.013340572160198115,0.13622338123496375,0.10875562823066204,2.4380124942632753,True,0.742595136023133,0.40926180268979967,3,1.0838493882841496,0.9557632398753894,0.42118380062305294
ms_slope,True,10,20,0.006034616590945976,0.006028637634761482,-0.0991759091642659,0.013340572160198115,0.13622338123496375,0.10875562823066204,2.4380124942632753,True,0.742595136023133,0.40926180268979967,3,1.0838493882841496,0.9557632398753894,0.42118380062305294
ms_slope,True,1,1,0.008771665191678383,0.008786616726945527,0.1701625976388932,0.011900483389230344,0.1217132551082269,0.2633254797451565,3.0876646272038695,True,0.719434396038478,0.38610106270514466,3,1.0333016055267037,0.9644859813084112,0.5059190031152648
ms_slope,True,1,5,0.005874969355171877,0.005884625962273778,0.16409891068369403,0.011900483389230344,0.1217132551082269,0.2633254797451565,3.0876646272038695,True,0.719434396038478,0.38610106270514466,3,1.0333016055267037,0.9644859813084112,0.5059190031152648
ms_slope,True,1,20,0.005142509783771893,0.005104333511845554,-0.7479188387229002,0.011900483389230344,0.1217132551082269,0.2633254797451565,3.0876646272038695,True,0.719434396038478,0.38610106270514466,3,1.0333016055267037,0.9644859813084112,0.5059190031152648
ms_slope,True,11,1,0.00936896610843754,0.009334772472489357,-0.3663039034851212,0.01230345855856851,0.15315262310552427,0.07204657503944327,2.6166207383923386,True,0.7240222600207673,0.3906889266874339,3,1.0821728739774594,0.9607476635514018,0.3993769470404984
ms_slope,True,11,5,0.006188688300627611,0.006133869185511964,-0.8937118392600822,0.01230345855856851,0.15315262310552427,0.07204657503944327,2.6166207383923386,True,0.7240222600207673,0.3906889266874339,3,1.0821728739774594,0.9607476635514018,0.3993769470404984
ms_slope,True,11,20,0.005651347614124207,0.00547580522419348,-3.2057822136393215,0.01230345855856851,0.15315262310552427,0.07204657503944327,2.6166207383923386,True,0.7240222600207673,0.3906889266874339,3,1.0821728739774594,0.9607476635514018,0.3993769470404984
ms_slope,True,8,1,0.009404418661479086,0.009396729659031334,-0.08182636647806525,0.011258550054258706,0.1367800366480631,0.18250094063119288,2.8507555121269155,True,0.7144691436304255,0.38113581029709204,3,1.088864647180618,0.9651090342679127,0.41557632398753896
ms_slope,True,8,5,0.006329744163597718,0.0062755910333896,-0.8629168140497623,0.011258550054258706,0.1367800366480631,0.18250094063119288,2.8507555121269155,True,0.7144691436304255,0.38113581029709204,3,1.088864647180618,0.9651090342679127,0.41557632398753896
ms_slope,True,8,20,0.006019045557119228,0.005948475602331344,-1.1863536056233728,0.011258550054258706,0.1367800366480631,0.18250094063119288,2.8507555121269155,True,0.7144691436304255,0.38113581029709204,3,1.088864647180618,0.9651090342679127,0.41557632398753896
ms_slope,True,6,1,0.009716224636478008,0.009702955146418946,-0.13675720292245094,0.012737983387323437,0.1242576581613319,0.12231277910254916,2.6173060864081554,True,0.7084526233494312,0.37511929001609784,3,1.0812930176749769,0.9545171339563863,0.4236760124610592
ms_slope,True,6,5,0.006277175975239592,0.006260662664217009,-0.2637629897704774,0.012737983387323437,0.1242576581613319,0.12231277910254916,2.6173060864081554,True,0.7084526233494312,0.37511929001609784,3,1.0812930176749769,0.9545171339563863,0.4236760124610592
ms_slope,True,6,20,0.005464506249338523,0.005421045893496004,-0.8016968809406567,0.012737983387323437,0.1242576581613319,0.12231277910254916,2.6173060864081554,True,0.7084526233494312,0.37511929001609784,3,1.0812930176749769,0.9545171339563863,0.4236760124610592
ms_slope,True,3,1,0.009922791689898397,0.009918092002313604,-0.047384996869327185,0.011969335736797863,0.11993573737855408,0.17060073281213148,2.8065015678356287,True,0.7465356321282705,0.41320229879493714,3,1.089799721516946,0.9601246105919004,0.4616822429906542
ms_slope,True,3,5,0.006465240217741939,0.00647936034817545,0.21792475915446866,0.011969335736797863,0.11993573737855408,0.17060073281213148,2.8065015678356287,True,0.7465356321282705,0.41320229879493714,3,1.089799721516946,0.9601246105919004,0.4616822429906542
ms_slope,True,3,20,0.005809771044565122,0.005833381143118259,0.40474122938101764,0.011969335736797863,0.11993573737855408,0.17060073281213148,2.8065015678356287,True,0.7465356321282705,0.41320229879493714,3,1.089799721516946,0.9601246105919004,0.4616822429906542
ms_level,True,4,1,0.007702685130215041,0.007707509879947782,0.06259803500600225,0.009600657846978906,0.2217232816858196,0.2049504565043251,3.01661338266023,True,0.6696776464888333,0.3363443131555,3,1.0918077704733031,0.9769470404984424,0.3719626168224299
ms_level,True,4,5,0.005466032051795614,0.005553374443493317,1.572780524461833,0.009600657846978906,0.2217232816858196,0.2049504565043251,3.01661338266023,True,0.6696776464888333,0.3363443131555,3,1.0918077704733031,0.9769470404984424,0.3719626168224299
ms_level,True,4,20,0.005312513370162662,0.005390005288918864,1.4376965253728997,0.009600657846978906,0.2217232816858196,0.2049504565043251,3.01661338266023,True,0.6696776464888333,0.3363443131555,3,1.0918077704733031,0.9769470404984424,0.3719626168224299
ms_level,True,3,1,0.007614667992127869,0.007636381322021135,0.2843405662659999,0.009210423252183996,0.21507516795053552,0.4725478767893777,3.321906011914548,True,0.7972904004686643,0.46395706713533097,3,0.8178082466001655,0.9613707165109034,0.6074766355140186
ms_level,True,3,5,0.005421113885788901,0.005429283524090183,0.15047359868078297,0.009210423252183996,0.21507516795053552,0.4725478767893777,3.321906011914548,True,0.7972904004686643,0.46395706713533097,3,0.8178082466001655,0.9613707165109034,0.6074766355140186
ms_level,True,3,20,0.0052384405343182455,0.005172585210834166,-1.2731607271764909,0.009210423252183996,0.21507516795053552,0.4725478767893777,3.321906011914548,True,0.7972904004686643,0.46395706713533097,3,0.8178082466001655,0.9613707165109034,0.6074766355140186
ms_level,True,2,1,0.00838949488182084,0.00843536258610539,0.5437549816780044,0.010320887607277708,0.17290492462647464,0.5878445798846645,3.354418855036289,True,0.7725711323336295,0.439237799000296,3,0.9639199446484173,0.9750778816199377,0.6610591900311527
ms_level,True,2,5,0.005916772428633481,0.0059936175487766905,1.2821158426915933,0.010320887607277708,0.17290492462647464,0.5878445798846645,3.354418855036289,True,0.7725711323336295,0.439237799000296,3,0.9639199446484173,0.9750778816199377,0.6610591900311527
ms_level,True,2,20,0.005610181187619236,0.005762327797863759,2.6403671499029895,0.010320887607277708,0.17290492462647464,0.5878445798846645,3.354418855036289,True,0.7725711323336295,0.439237799000296,3,0.9639199446484173,0.9750778816199377,0.6610591900311527
ms_level,True,6,1,0.008828835352715489,0.008885880822139956,0.6419787814656804,0.010726715647631606,0.23524404269878416,0.3273087454504135,3.044894615071521,True,0.6581400508441114,0.32480671751077805,3,1.09688268532,0.9806853582554517,0.5003115264797507
ms_level,True,6,5,0.006190182803723186,0.006287101854524461,1.5415536926847861,0.010726715647631606,0.23524404269878416,0.3273087454504135,3.044894615071521,True,0.6581400508441114,0.32480671751077805,3,1.09688268532,0.9806853582554517,0.5003115264797507
ms_level,True,6,20,0.005616967922539837,0.005659129169785691,0.7450129866438665,0.010726715647631606,0.23524404269878416,0.3273087454504135,3.044894615071521,True,0.6581400508441114,0.32480671751077805,3,1.09688268532,0.9806853582554517,0.5003115264797507
ms_level,True,5,1,0.008067851388527928,0.008090704666355784,0.2824633795235236,0.01020243972011056,0.2410522921412032,0.2896589504527246,3.3156986917573903,True,0.6709755308886249,0.33764219755529146,3,1.093852521183444,0.9757009345794393,0.36386292834890965
ms_level,True,5,5,0.005726491887773318,0.005754329456790218,0.483767382905957,0.01020243972011056,0.2410522921412032,0.2896589504527246,3.3156986917573903,True,0.6709755308886249,0.33764219755529146,3,1.093852521183444,0.9757009345794393,0.36386292834890965
ms_level,True,5,20,0.005647846655999825,0.005611202612658527,-0.6530515091119944,0.01020243972011056,0.2410522921412032,0.2896589504527246,3.3156986917573903,True,0.6709755308886249,0.33764219755529146,3,1.093852521183444,0.9757009345794393,0.36386292834890965
ms_level,True,7,1,0.008023722950954047,0.00803575847217588,0.14977455163077666,0.010067009162114119,0.21119377922116597,0.2320162415586851,3.061682692084325,True,0.6648273707085407,0.3314940373752074,3,1.0835079716932294,0.9775700934579439,0.3925233644859813
ms_level,True,7,5,0.00587662306925093,0.00587384632519145,-0.04727301168180965,0.010067009162114119,0.21119377922116597,0.2320162415586851,3.061682692084325,True,0.6648273707085407,0.3314940373752074,3,1.0835079716932294,0.9775700934579439,0.3925233644859813
ms_level,True,7,20,0.005787452332902489,0.005706678013715736,-1.4154350217870308,0.010067009162114119,0.21119377922116597,0.2320162415586851,3.061682692084325,True,0.6648273707085407,0.3314940373752074,3,1.0835079716932294,0.9775700934579439,0.3925233644859813
ms_level,True,9,1,0.008924348331559353,0.008922305433898542,-0.02289652238365871,0.010631141555157615,0.19536196553535054,0.519907140014973,3.2935129897641913,True,0.8153824531303663,0.48204911979703297,3,0.9675916917052214,0.9607476635514018,0.550778816199377
ms_level,True,9,5,0.006663860496733301,0.0065845625880717774,-1.2043003252057338,0.010631141555157615,0.19536196553535054,0.519907140014973,3.2935129897641913,True,0.8153824531303663,0.48204911979703297,3,0.9675916917052214,0.9607476635514018,0.550778816199377
ms_level,True,9,20,0.006305246158033714,0.006201597851398473,-1.6713161530115692,0.010631141555157615,0.19536196553535054,0.519907140014973,3.2935129897641913,True,0.8153824531303663,0.48204911979703297,3,0.9675916917052214,0.9607476635514018,0.550778816199377
ms_level,True,8,1,0.00783308452941108,0.007847540158726955,0.18420586608658399,0.010039119419521896,0.19242637474594224,0.14314519097439965,2.813048670032448,True,0.6740365657009608,0.3407032323676275,3,1.0765170502482964,0.9763239875389408,0.4143302180685358
ms_level,True,8,5,0.005682397435303915,0.005679291477104604,-0.0546891845898849,0.010039119419521896,0.19242637474594224,0.14314519097439965,2.813048670032448,True,0.6740365657009608,0.3407032323676275,3,1.0765170502482964,0.9763239875389408,0.4143302180685358
ms_level,True,8,20,0.005383033264460145,0.005408259662189908,0.4664420590994378,0.010039119419521896,0.19242637474594224,0.14314519097439965,2.813048670032448,True,0.6740365657009608,0.3407032323676275,3,1.0765170502482964,0.9763239875389408,0.4143302180685358
ms_level,True,11,1,0.008142911001189145,0.00818210134484585,0.47897651232824684,0.010297584385379387,0.2220077904343544,0.5610406668445964,3.416450839340771,True,0.8083800817213792,0.4750467483880459,3,0.9271776087559107,0.9769470404984424,0.6461059190031153
ms_level,True,11,5,0.005612430123205692,0.0057148212059601865,1.7916760483723844,0.010297584385379387,0.2220077904343544,0.5610406668445964,3.416450839340771,True,0.8083800817213792,0.4750467483880459,3,0.9271776087559107,0.9769470404984424,0.6461059190031153
ms_level,True,11,20,0.005606964483588113,0.005617034095220381,0.1792691919181398,0.010297584385379387,0.2220077904343544,0.5610406668445964,3.416450839340771,True,0.8083800817213792,0.4750467483880459,3,0.9271776087559107,0.9769470404984424,0.6461059190031153
ms_level,True,10,1,0.00717284151175521,0.007203453968409762,0.4249691438135203,0.009525987403481321,0.22159379341533839,0.19379358203717217,2.9032779891479623,True,0.6739530613814572,0.34061972804812374,3,1.0962417093614314,0.9763239875389408,0.4074766355140187
ms_level,True,10,5,0.005068538995433952,0.005092588334006948,0.4722419523369069,0.009525987403481321,0.22159379341533839,0.19379358203717217,2.9032779891479623,True,0.6739530613814572,0.34061972804812374,3,1.0962417093614314,0.9763239875389408,0.4074766355140187
ms_level,True,10,20,0.004946884327835685,0.004957116178256571,0.2064073153210722,0.009525987403481321,0.22159379341533839,0.19379358203717217,2.9032779891479623,True,0.6739530613814572,0.34061972804812374,3,1.0962417093614314,0.9763239875389408,0.4074766355140187
garch11,False,0,1,0.007589570485038032,0.00754911181067399,-0.5359395300893023,0.009278876839108482,0.13582404716986196,,3.7137911886487522,True,0.6985733212864744,0.3652399879531411,3,1.045619560846619,0.9545171339563863,0.4386292834890966
garch11,False,0,5,0.00521805968495621,0.005138821594978655,-1.5419505914543161,0.009278876839108482,0.13582404716986196,,3.7137911886487522,True,0.6985733212864744,0.3652399879531411,3,1.045619560846619,0.9545171339563863,0.4386292834890966
garch11,False,0,20,0.004625965352489309,0.004540147967110416,-1.8901891744623394,0.009278876839108482,0.13582404716986196,,3.7137911886487522,True,0.6985733212864744,0.3652399879531411,3,1.045619560846619,0.9545171339563863,0.4386292834890966
garch11,False,1,1,0.00789290794197114,0.007697239964455898,-2.542053754576858,0.008402826430836719,0.07502557003614087,,3.0193003517121424,True,0.6754243600917774,0.34209102675844405,3,1.0886014797095067,0.9557632398753894,0.7040498442367601
garch11,False,1,5,0.0053625099087349784,0.005274784465124801,-1.6631095391705633,0.008402826430836719,0.07502557003614087,,3.0193003517121424,True,0.6754243600917774,0.34209102675844405,3,1.0886014797095067,0.9557632398753894,0.7040498442367601
garch11,False,1,20,0.004839370838763713,0.004847835988289481,0.17461707752110917,0.008402826430836719,0.07502557003614087,,3.0193003517121424,True,0.6754243600917774,0.34209102675844405,3,1.0886014797095067,0.9557632398753894,0.7040498442367601
garch11,False,2,1,0.005455639003083552,0.005445154532060173,-0.1925468039822958,0.007035940378813308,0.08025436018529525,,2.2842539337836816,True,0.6585996970868035,0.3252663637534703,3,1.0932906951845314,0.9501557632398754,0.37383177570093457
garch11,False,2,5,0.0035939625826960564,0.0035004118383503645,-2.6725639343563468,0.007035940378813308,0.08025436018529525,,2.2842539337836816,True,0.6585996970868035,0.3252663637534703,3,1.0932906951845314,0.9501557632398754,0.37383177570093457
garch11,False,2,20,0.0031705534667970845,0.003113506449375301,-1.8322434319424448,0.007035940378813308,0.08025436018529525,,2.2842539337836816,True,0.6585996970868035,0.3252663637534703,3,1.0932906951845314,0.9501557632398754,0.37383177570093457
garch11,False,3,1,0.007149249528668407,0.007059211015330704,-1.275475589866395,0.008840937582219852,0.12537590140626087,,2.744195792640611,True,0.9551963331838015,0.6218629998504682,3,1.0488540632784402,0.9133956386292835,0.46230529595015574
garch11,False,3,5,0.004665248579580746,0.004584877374829515,-1.7529630169055364,0.008840937582219852,0.12537590140626087,,2.744195792640611,True,0.9551963331838015,0.6218629998504682,3,1.0488540632784402,0.9133956386292835,0.46230529595015574
garch11,False,3,20,0.004013827071743903,0.00397575369351419,-0.9576392594899281,0.008840937582219852,0.12537590140626087,,2.744195792640611,True,0.9551963331838015,0.6218629998504682,3,1.0488540632784402,0.9133956386292835,0.46230529595015574
garch11,False,4,1,0.006114882652612868,0.006099321101243168,-0.25513579481047494,0.007125315219577836,0.08750601622006388,,2.4740180869375523,True,0.6689278400244275,0.3355945066910942,3,1.0914137751902615,0.9526479750778816,0.5981308411214953
garch11,False,4,5,0.004167766801255546,0.004134446703673182,-0.8059143089874938,0.007125315219577836,0.08750601622006388,,2.4740180869375523,True,0.6689278400244275,0.3355945066910942,3,1.0914137751902615,0.9526479750778816,0.5981308411214953
garch11,False,4,20,0.0036534396979100714,0.0036508115022741796,-0.07198935453815167,0.007125315219577836,0.08750601622006388,,2.4740180869375523,True,0.6689278400244275,0.3355945066910942,3,1.0914137751902615,0.9526479750778816,0.5981308411214953
garch11,False,5,1,0.007263970199033047,0.007245363683220744,-0.25680582267240365,0.008473419331510051,0.07045590505985029,,2.687722684523444,True,0.6712120626759305,0.33787872934259716,3,1.0771928681493537,0.9557632398753894,0.5121495327102804
garch11,False,5,5,0.0048791648419591735,0.004760753429942663,-2.4872410167635377,0.008473419331510051,0.07045590505985029,,2.687722684523444,True,0.6712120626759305,0.33787872934259716,3,1.0771928681493537,0.9557632398753894,0.5121495327102804
garch11,False,5,20,0.004265590086374157,0.0041996069837414,-1.5711732761710226,0.008473419331510051,0.07045590505985029,,2.687722684523444,True,0.6712120626759305,0.33787872934259716,3,1.0771928681493537,0.9557632398753894,0.5121495327102804
garch11,False,6,1,0.010067945298822911,0.009880527276059384,-1.8968423195151018,0.009781120688230106,0.12043361199400755,,3.657309553933653,True,0.6911647249340502,0.3578313916007169,3,1.0985706693058477,0.9246105919003115,0.36884735202492214
garch11,False,6,5,0.007165040594882297,0.007019098292684099,-2.0792172457580747,0.009781120688230106,0.12043361199400755,,3.657309553933653,True,0.6911647249340502,0.3578313916007169,3,1.0985706693058477,0.9246105919003115,0.36884735202492214
garch11,False,6,20,0.006935661328816852,0.006562711709653565,-5.682858483859485,0.009781120688230106,0.12043361199400755,,3.657309553933653,True,0.6911647249340502,0.3578313916007169,3,1.0985706693058477,0.9246105919003115,0.36884735202492214
garch11,False,8,1,0.0073555927995680144,0.007290146929501585,-0.8977304668796824,0.009338616178582018,0.18282453151197411,,4.696754868066893,True,0.9668927710955474,0.633559437762214,3,1.0015745321878802,0.946417445482866,0.5981308411214953
garch11,False,8,5,0.004946189631165983,0.00480362120202944,-2.9679365449613444,0.009338616178582018,0.18282453151197411,,4.696754868066893,True,0.9668927710955474,0.633559437762214,3,1.0015745321878802,0.946417445482866,0.5981308411214953
garch11,False,8,20,0.00439707753986236,0.004210270015051054,-4.43694879766615,0.009338616178582018,0.18282453151197411,,4.696754868066893,True,0.9668927710955474,0.633559437762214,3,1.0015745321878802,0.946417445482866,0.5981308411214953
garch11,False,7,1,0.00516386623062275,0.005140593178935663,-0.45273085959129244,0.006842278095473291,0.06890336901171967,,2.087211752302423,True,0.644655134645678,0.31132180131234466,3,1.0502264871410885,0.9395638629283489,0.3987538940809969
garch11,False,7,5,0.0034508785267504827,0.0034108081848747657,-1.1748049055766048,0.006842278095473291,0.06890336901171967,,2.087211752302423,True,0.644655134645678,0.31132180131234466,3,1.0502264871410885,0.9395638629283489,0.3987538940809969
garch11,False,7,20,0.0027062310414146633,0.002634700826369478,-2.7149274152599507,0.006842278095473291,0.06890336901171967,,2.087211752302423,True,0.644655134645678,0.31132180131234466,3,1.0502264871410885,0.9395638629283489,0.3987538940809969
garch11,False,11,1,0.006850064418528967,0.006859748400248006,0.14117109191190155,0.009713428763245054,0.11317117402078862,,3.148959881120021,True,0.711608631812488,0.3782752984791546,3,1.0861084307287074,0.946417445482866,0.4785046728971963
garch11,False,11,5,0.004539514816033974,0.004544938618542819,0.11933720043471097,0.009713428763245054,0.11317117402078862,,3.148959881120021,True,0.711608631812488,0.3782752984791546,3,1.0861084307287074,0.946417445482866,0.4785046728971963
garch11,False,11,20,0.003992157045454249,0.0038827891894057187,-2.816734329716983,0.009713428763245054,0.11317117402078862,,3.148959881120021,True,0.711608631812488,0.3782752984791546,3,1.0861084307287074,0.946417445482866,0.4785046728971963
iid_t,False,1,1,0.0098586598018051,0.009845949366908836,-0.12909303534489353,0.010608602253188534,-0.01251621912297908,,1.4403744584097335,True,0.7349828049659068,0.4016494716325734,2,0.6955629351951162,0.92398753894081,0.6629283489096574
iid_t,False,1,5,0.0075949939781056975,0.007570352096934137,-0.32550508689734964,0.010608602253188534,-0.01251621912297908,,1.4403744584097335,True,0.7349828049659068,0.4016494716325734,2,0.6955629351951162,0.92398753894081,0.6629283489096574
iid_t,False,1,20,0.006066759459727766,0.006012035653237953,-0.9102375575623842,0.010608602253188534,-0.01251621912297908,,1.4403744584097335,True,0.7349828049659068,0.4016494716325734,2,0.6955629351951162,0.92398753894081,0.6629283489096574
garch11,False,9,1,0.006414336927155248,0.006374476808493696,-0.6253080818874459,0.008180953428433405,0.11144147033034922,,2.616678586701118,True,0.6896416786183708,0.35630834528503746,3,1.09490086549699,0.9619937694704049,0.3557632398753894
garch11,False,9,5,0.0043189917383007455,0.004227306499405961,-2.1688807969724544,0.008180953428433405,0.11144147033034922,,2.616678586701118,True,0.6896416786183708,0.35630834528503746,3,1.09490086549699,0.9619937694704049,0.3557632398753894
garch11,False,9,20,0.0039061149997070828,0.0036747827808939833,-6.295126340959454,0.008180953428433405,0.11144147033034922,,2.616678586701118,True,0.6896416786183708,0.35630834528503746,3,1.09490086549699,0.9619937694704049,0.3557632398753894
garch11,False,10,1,0.006954178696304896,0.006938154571003655,-0.23095659137099087,0.00822236148131246,0.08982705724580435,,2.928012591412038,True,0.6770443611808311,0.3437110278474978,3,1.0650102031644246,0.9707165109034268,0.557632398753894
garch11,False,10,5,0.004646610176850899,0.004540667117940025,-2.333204706689393,0.00822236148131246,0.08982705724580435,,2.928012591412038,True,0.6770443611808311,0.3437110278474978,3,1.0650102031644246,0.9707165109034268,0.557632398753894
garch11,False,10,20,0.003930418790779903,0.0039531930576039995,0.5760980172797251,0.00822236148131246,0.08982705724580435,,2.928012591412038,True,0.6770443611808311,0.3437110278474978,3,1.0650102031644246,0.9707165109034268,0.557632398753894
iid_t,False,0,1,0.007499704664532874,0.007483562183560689,-0.21570584403835938,0.010273574620033168,-0.011958381291760245,,1.4923938693430816,True,0.6370309850961182,0.3036976517627849,3,1.039476957527146,0.9333333333333333,0.4747663551401869
iid_t,False,0,5,0.00464093596742896,0.00462086574908644,-0.4343389189891252,0.010273574620033168,-0.011958381291760245,,1.4923938693430816,True,0.6370309850961182,0.3036976517627849,3,1.039476957527146,0.9333333333333333,0.4747663551401869
iid_t,False,0,20,0.0027612508835157543,0.002748010242271594,-0.4818264881434853,0.010273574620033168,-0.011958381291760245,,1.4923938693430816,True,0.6370309850961182,0.3036976517627849,3,1.039476957527146,0.9333333333333333,0.4747663551401869
iid_t,False,2,1,0.00821516496991488,0.0082095112117157,-0.06886839000976903,0.010410988564000578,-0.013211705813242103,,1.629617160393376,True,0.6453106272135378,0.3119772938802044,3,1.0419481789571172,0.929595015576324,0.44610591900311525
iid_t,False,2,5,0.005367585301182323,0.005364196476533377,-0.0631748792903348,0.010410988564000578,-0.013211705813242103,,1.629617160393376,True,0.6453106272135378,0.3119772938802044,3,1.0419481789571172,0.929595015576324,0.44610591900311525
iid_t,False,2,20,0.0035914186244051715,0.0035102614598707072,-2.3119977090667634,0.010410988564000578,-0.013211705813242103,,1.629617160393376,True,0.6453106272135378,0.3119772938802044,3,1.0419481789571172,0.929595015576324,0.44610591900311525
iid_t,False,5,1,0.008409934033890565,0.008406589538261462,-0.03978421467921782,0.01047219606805126,0.01662409486432309,,1.5505163426805995,False,0.48348414114459365,0.1501508078112603,3,0.969879005260077,0.9258566978193147,0.46292834890965734
iid_t,False,5,5,0.005743109202663715,0.0057447072116992935,0.02781706667876242,0.01047219606805126,0.01662409486432309,,1.5505163426805995,False,0.48348414114459365,0.1501508078112603,3,0.969879005260077,0.9258566978193147,0.46292834890965734
iid_t,False,5,20,0.003987098757659298,0.003991822532012912,0.11833628162903553,0.01047219606805126,0.01662409486432309,,1.5505163426805995,False,0.48348414114459365,0.1501508078112603,3,0.969879005260077,0.9258566978193147,0.46292834890965734
iid_t,False,3,1,0.007674045308051389,0.0076708466649973925,-0.04169869629375113,0.010388180603063247,0.012125235380850391,,1.5822186417599862,True,0.556889765823026,0.22355643248969273,3,0.9492844583086949,0.9246105919003115,0.44797507788161994
iid_t,False,3,5,0.004794445887818875,0.004792100342762558,-0.048946075594184575,0.010388180603063247,0.012125235380850391,,1.5822186417599862,True,0.556889765823026,0.22355643248969273,3,0.9492844583086949,0.9246105919003115,0.44797507788161994
iid_t,False,3,20,0.002926295824768964,0.0029080572897427124,-0.6271724800808545,0.010388180603063247,0.012125235380850391,,1.5822186417599862,True,0.556889765823026,0.22355643248969273,3,0.9492844583086949,0.9246105919003115,0.44797507788161994
iid_t,False,4,1,0.008019991785584034,0.008007304761360341,-0.15844312914022193,0.010336689006924759,-0.0030624320592017953,,1.7103108986181033,False,0.5532519109535767,0.21991857762024333,3,1.008277498011517,0.9264797507788162,0.4305295950155763
iid_t,False,4,5,0.005289202937768057,0.005249033106764549,-0.7652805799936762,0.010336689006924759,-0.0030624320592017953,,1.7103108986181033,False,0.5532519109535767,0.21991857762024333,3,1.008277498011517,0.9264797507788162,0.4305295950155763
iid_t,False,4,20,0.0033210488267208104,0.0033268836640195183,0.17538447051251324,0.010336689006924759,-0.0030624320592017953,,1.7103108986181033,False,0.5532519109535767,0.21991857762024333,3,1.008277498011517,0.9264797507788162,0.4305295950155763
iid_t,False,6,1,0.00786497148526959,0.007859832604077594,-0.06538156028068753,0.010426980517541004,0.02582206501065017,,1.8804202636222085,True,0.6100433545531635,0.2767100212198302,3,1.0047127246815362,0.950778816199377,0.4660436137071651
iid_t,False,6,5,0.005180962806350901,0.005172995624199159,-0.1540148635438917,0.010426980517541004,0.02582206501065017,,1.8804202636222085,True,0.6100433545531635,0.2767100212198302,3,1.0047127246815362,0.950778816199377,0.4660436137071651
iid_t,False,6,20,0.0033526921699506412,0.0033418556395103578,-0.32426686276224675,0.010426980517541004,0.02582206501065017,,1.8804202636222085,True,0.6100433545531635,0.2767100212198302,3,1.0047127246815362,0.950778816199377,0.4660436137071651
iid_t,False,10,1,0.007321066233492444,0.007316067158850497,-0.06833008135935313,0.00999669482575255,0.005475728964103754,,1.6145094835794511,True,0.6258124679198872,0.2924791345865539,3,1.0726141996574081,0.930841121495327,0.4672897196261682
iid_t,False,10,5,0.004658163820815982,0.004642588373998019,-0.33549058333918524,0.00999669482575255,0.005475728964103754,,1.6145094835794511,True,0.6258124679198872,0.2924791345865539,3,1.0726141996574081,0.930841121495327,0.4672897196261682
iid_t,False,10,20,0.002822396430022313,0.002828623517304625,0.2201454963595123,0.00999669482575255,0.005475728964103754,,1.6145094835794511,True,0.6258124679198872,0.2924791345865539,3,1.0726141996574081,0.930841121495327,0.4672897196261682
iid_t,False,9,1,0.00717815396081249,0.007169566037744449,-0.11978302484180822,0.01005595583141256,-0.02007472736671063,,1.620697882956364,True,0.6433802951728528,0.3100469618395194,3,1.068028284999175,0.902803738317757,0.40685358255451715
iid_t,False,9,5,0.004258077821848833,0.004245270494253594,-0.30168460673058123,0.01005595583141256,-0.02007472736671063,,1.620697882956364,True,0.6433802951728528,0.3100469618395194,3,1.068028284999175,0.902803738317757,0.40685358255451715
iid_t,False,9,20,0.0024979234804026773,0.0024983481685934878,0.016998759266191005,0.01005595583141256,-0.02007472736671063,,1.620697882956364,True,0.6433802951728528,0.3100469618395194,3,1.068028284999175,0.902803738317757,0.40685358255451715
iid_normal,False,1,1,0.00661430687564778,0.006610833530216876,-0.05254020412144283,0.010446053098067067,-0.008349317929387914,,1.0444480246721355,False,0.33703140237630463,0.003698069042971347,3,1.0173778708544439,0.7545171339563863,0.5221183800623053
iid_normal,False,1,5,0.003402135265192102,0.0033934576940321975,-0.2557147294090326,0.010446053098067067,-0.008349317929387914,,1.0444480246721355,False,0.33703140237630463,0.003698069042971347,3,1.0173778708544439,0.7545171339563863,0.5221183800623053
iid_normal,False,1,20,0.001751167043507578,0.001757529769925765,0.36202666532673466,0.010446053098067067,-0.008349317929387914,,1.0444480246721355,False,0.33703140237630463,0.003698069042971347,3,1.0173778708544439,0.7545171339563863,0.5221183800623053
iid_normal,False,2,1,0.006755166165133169,0.006745193663862551,-0.14784603330288548,0.01076337720521063,-0.017343141724899303,,1.318324393127617,True,0.6128098052727571,0.27947647193942377,3,1.0718779333288617,0.9426791277258567,0.40186915887850466
iid_normal,False,2,5,0.0035121178173964725,0.003497953645288394,-0.4049273816751948,0.01076337720521063,-0.017343141724899303,,1.318324393127617,True,0.6128098052727571,0.27947647193942377,3,1.0718779333288617,0.9426791277258567,0.40186915887850466
iid_normal,False,2,20,0.0018659129752936461,0.0018526459010376282,-0.7161149493590414,0.01076337720521063,-0.017343141724899303,,1.318324393127617,True,0.6128098052727571,0.27947647193942377,3,1.0718779333288617,0.9426791277258567,0.40186915887850466
iid_normal,False,0,1,0.006624623906908266,0.006618797805448369,-0.08802356003535115,0.010602454763993553,-0.008822713852920301,,1.3535344195634587,True,0.6351472570595686,0.30181392372623533,3,1.0888428223460576,0.9146417445482866,0.3813084112149533
iid_normal,False,0,5,0.0034998682840388564,0.003488961657380119,-0.312603798200726,0.010602454763993553,-0.008822713852920301,,1.3535344195634587,True,0.6351472570595686,0.30181392372623533,3,1.0888428223460576,0.9146417445482866,0.3813084112149533
iid_normal,False,0,20,0.0017941537990759377,0.0017887037042179806,-0.30469522957352674,0.010602454763993553,-0.008822713852920301,,1.3535344195634587,True,0.6351472570595686,0.30181392372623533,3,1.0888428223460576,0.9146417445482866,0.3813084112149533
iid_t,False,8,1,0.008273036667778549,0.008271827318528992,-0.014620097869399195,0.010380934351029648,0.01161982454406757,,1.59821788258716,False,0.4854086889555728,0.15207535562223945,3,0.9592836446001637,0.9626168224299065,0.5501557632398754
iid_t,False,8,5,0.005711634889834772,0.005725873394138026,0.24866956223361894,0.010380934351029648,0.01161982454406757,,1.59821788258716,False,0.4854086889555728,0.15207535562223945,3,0.9592836446001637,0.9626168224299065,0.5501557632398754
iid_t,False,8,20,0.00402590594798936,0.004013569175944481,-0.3073765893664022,0.010380934351029648,0.01161982454406757,,1.59821788258716,False,0.4854086889555728,0.15207535562223945,3,0.9592836446001637,0.9626168224299065,0.5501557632398754
iid_t,False,11,1,0.0078095574247789715,0.00780643226849338,-0.04003309294317248,0.010407082648005462,0.012219525330125186,,1.6634590766764992,True,0.5377487461257376,0.20441541279240427,3,0.9402287084458576,0.9501557632398754,0.48909657320872274
iid_t,False,11,5,0.00516285000787421,0.0051507708074197914,-0.23451248184093654,0.010407082648005462,0.012219525330125186,,1.6634590766764992,True,0.5377487461257376,0.20441541279240427,3,0.9402287084458576,0.9501557632398754,0.48909657320872274
iid_t,False,11,20,0.0032940591932869297,0.003301563677476247,0.22730090715844734,0.010407082648005462,0.012219525330125186,,1.6634590766764992,True,0.5377487461257376,0.20441541279240427,3,0.9402287084458576,0.9501557632398754,0.48909657320872274
iid_t,False,7,1,0.007408395519646407,0.007395967800399726,-0.16803371218043142,0.010320060775363514,-0.003326796298636118,,1.4694884419200838,True,0.6158295043546986,0.28249617102136537,3,1.0525525083562295,0.9333333333333333,0.45669781931464176
iid_t,False,7,5,0.0045599752016080896,0.0045499219388056835,-0.22095462158730841,0.010320060775363514,-0.003326796298636118,,1.4694884419200838,True,0.6158295043546986,0.28249617102136537,3,1.0525525083562295,0.9333333333333333,0.45669781931464176
iid_t,False,7,20,0.0026616759562904557,0.0026397244706680405,-0.8315824574244255,0.010320060775363514,-0.003326796298636118,,1.4694884419200838,True,0.6158295043546986,0.28249617102136537,3,1.0525525083562295,0.9333333333333333,0.45669781931464176
iid_normal,False,3,1,0.006733813568373864,0.006727004673948551,-0.10121732859325068,0.010693413459432144,-0.002366366613952333,,1.3140319845321078,True,0.6383281048268175,0.30499477149348414,3,1.0867024871019217,0.908411214953271,0.35389408099688474
iid_normal,False,3,5,0.003470069214951005,0.0034829290053930476,0.3692234444667175,0.010693413459432144,-0.002366366613952333,,1.3140319845321078,True,0.6383281048268175,0.30499477149348414,3,1.0867024871019217,0.908411214953271,0.35389408099688474
iid_normal,False,3,20,0.00185750407893345,0.0018266131555177837,-1.6911584876278662,0.010693413459432144,-0.002366366613952333,,1.3140319845321078,True,0.6383281048268175,0.30499477149348414,3,1.0867024871019217,0.908411214953271,0.35389408099688474
iid_normal,False,4,1,0.006569367876323889,0.006561822688035448,-0.1149861653866123,0.010522546061875117,0.00026610291283903537,,1.3227043733724102,True,0.6350432612989756,0.30170992796564217,3,1.0916258691843161,0.8803738317757009,0.3557632398753894
iid_normal,False,4,5,0.0034645811707113014,0.003473458837815563,0.2555857869283033,0.010522546061875117,0.00026610291283903537,,1.3227043733724102,True,0.6350432612989756,0.30170992796564217,3,1.0916258691843161,0.8803738317757009,0.3557632398753894
iid_normal,False,4,20,0.0017413382908354393,0.001745292624920522,0.22657140863486028,0.010522546061875117,0.00026610291283903537,,1.3227043733724102,True,0.6350432612989756,0.30170992796564217,3,1.0916258691843161,0.8803738317757009,0.3557632398753894
iid_normal,False,5,1,0.006567684008163316,0.006560269897559029,-0.1130153289431818,0.010570618134797176,0.002431563571857457,,1.3115804792261183,True,0.6400503444400497,0.3067170111067163,3,1.0920092876374556,0.9246105919003115,0.4143302180685358
iid_normal,False,5,5,0.0033182278959332343,0.0033012839243526915,-0.5132539935614622,0.010570618134797176,0.002431563571857457,,1.3115804792261183,True,0.6400503444400497,0.3067170111067163,3,1.0920092876374556,0.9246105919003115,0.4143302180685358
iid_normal,False,5,20,0.0017112572877012186,0.001696311093493115,-0.8810998327745306,0.010570618134797176,0.002431563571857457,,1.3115804792261183,True,0.6400503444400497,0.3067170111067163,3,1.0920092876374556,0.9246105919003115,0.4143302180685358
iid_normal,False,6,1,0.0066205526833355505,0.006611039362123649,-0.14390053803651548,0.010410745521563899,0.00012132134225578683,,1.330543088469679,True,0.6459818101506852,0.3126484768173519,3,1.0915291230064776,0.9202492211838006,0.43800623052959503
iid_normal,False,6,5,0.003352381533153482,0.003335562147233026,-0.5042444175236982,0.010410745521563899,0.00012132134225578683,,1.330543088469679,True,0.6459818101506852,0.3126484768173519,3,1.0915291230064776,0.9202492211838006,0.43800623052959503
iid_normal,False,6,20,0.0018669255555481999,0.001862749940182578,-0.22416403165808763,0.010410745521563899,0.00012132134225578683,,1.330543088469679,True,0.6459818101506852,0.3126484768173519,3,1.0915291230064776,0.9202492211838006,0.43800623052959503
iid_normal,False,7,1,0.006617538012594843,0.006615119007196367,-0.03656782887570752,0.010654673068683484,0.001973205798369034,,1.2921998780788357,True,0.6436456484530549,0.31031231511972157,3,1.0894753266779003,0.9302180685358256,0.4205607476635514
iid_normal,False,7,5,0.0033758254780936574,0.0033734950707926953,-0.06907990828676391,0.010654673068683484,0.001973205798369034,,1.2921998780788357,True,0.6436456484530549,0.31031231511972157,3,1.0894753266779003,0.9302180685358256,0.4205607476635514
iid_normal,False,7,20,0.0017467917726336026,0.0017148996626284128,-1.859707054598694,0.010654673068683484,0.001973205798369034,,1.2921998780788357,True,0.6436456484530549,0.31031231511972157,3,1.0894753266779003,0.9302180685358256,0.4205607476635514
iid_normal,False,10,1,0.006578986516734103,0.006580582190890158,0.02424822165831784,0.01057879651125682,-0.009659424600381735,,1.3019598986750769,True,0.6372137693269332,0.30388043599359993,3,1.0954398216116592,0.8984423676012461,0.3401869158878505
iid_normal,False,10,5,0.003345932797041688,0.003336548740176513,-0.28125040561160075,0.01057879651125682,-0.009659424600381735,,1.3019598986750769,True,0.6372137693269332,0.30388043599359993,3,1.0954398216116592,0.8984423676012461,0.3401869158878505
iid_normal,False,10,20,0.0017844586484734564,0.0017652963404524856,-1.0855009202624335,0.01057879651125682,-0.009659424600381735,,1.3019598986750769,True,0.6372137693269332,0.30388043599359993,3,1.0954398216116592,0.8984423676012461,0.3401869158878505
iid_normal,False,8,1,0.0068457095021625235,0.0068396344508748486,-0.08882128615657124,0.010760530999859026,0.010395788161736965,,1.3318485063233099,True,0.6404734125064294,0.3071400791730961,3,1.0929388296487001,0.9196261682242991,0.37258566978193147
iid_normal,False,8,5,0.0035440377926183055,0.0035423260068418493,-0.04832377858926523,0.010760530999859026,0.010395788161736965,,1.3318485063233099,True,0.6404734125064294,0.3071400791730961,3,1.0929388296487001,0.9196261682242991,0.37258566978193147
iid_normal,False,8,20,0.001850267411332249,0.0018526376023583384,0.12793603147600657,0.010760530999859026,0.010395788161736965,,1.3318485063233099,True,0.6404734125064294,0.3071400791730961,3,1.0929388296487001,0.9196261682242991,0.37258566978193147
iid_normal,False,9,1,0.006696347167898379,0.006689039093124819,-0.10925447843579392,0.010666989363392452,-0.007895522419118043,,1.0766944760103394,True,0.3316495504540678,-0.0016837828792655534,3,1.087354945854044,0.9875389408099688,0.4236760124610592
iid_normal,False,9,5,0.0034156812650773063,0.0034163370623981875,0.019195919749816857,0.010666989363392452,-0.007895522419118043,,1.0766944760103394,True,0.3316495504540678,-0.0016837828792655534,3,1.087354945854044,0.9875389408099688,0.4236760124610592
iid_normal,False,9,20,0.0017185937426065455,0.0017154808435757007,-0.18145927088036326,0.010666989363392452,-0.007895522419118043,,1.0766944760103394,True,0.3316495504540678,-0.0016837828792655534,3,1.087354945854044,0.9875389408099688,0.4236760124610592
iid_normal,False,11,1,0.006836569975745386,0.006825937982086341,-0.15575872044175346,0.01056376602050869,-0.0023107119541849,,1.333551140829379,True,0.6344484679969025,0.30111513466356915,3,1.0877486332619755,0.9090342679127725,0.35700934579439253
iid_normal,False,11,5,0.0035518167011478214,0.0035396633220086218,-0.34334844965715705,0.01056376602050869,-0.0023107119541849,,1.333551140829379,True,0.6344484679969025,0.30111513466356915,3,1.0877486332619755,0.9090342679127725,0.35700934579439253
iid_normal,False,11,20,0.0019644833362782396,0.001947515639407887,-0.8712482984481359,0.01056376602050869,-0.0023107119541849,,1.333551140829379,True,0.6344484679969025,0.30111513466356915,3,1.0877486332619755,0.9090342679127725,0.35700934579439253
