ticker,horizon,loss,model,in_mcs,mcs_p,set_size
AAPL,1,mse,ewma,False,0.0335,1
AAPL,1,mse,garch11,False,0.0335,1
AAPL,1,mse,gbm_gated,False,0.0335,1
AAPL,1,mse,gbm_pooled,False,0.0335,1
AAPL,1,mse,har,False,0.0335,1
AAPL,1,mse,regime_features,False,0.0435,1
AAPL,1,mse,regime_normal,False,0.0335,1
AAPL,1,mse,regime_shrunk,False,0.0335,1
AAPL,1,mse,ridge,True,1.0,1
AAPL,1,qlike,ewma,True,0.103,9
AAPL,1,qlike,garch11,True,0.103,9
AAPL,1,qlike,gbm_gated,True,0.103,9
AAPL,1,qlike,gbm_pooled,True,0.103,9
AAPL,1,qlike,har,True,0.103,9
AAPL,1,qlike,regime_features,True,0.103,9
AAPL,1,qlike,regime_normal,True,0.103,9
AAPL,1,qlike,regime_shrunk,True,0.103,9
AAPL,1,qlike,ridge,True,0.103,9
AAPL,5,mse,ewma,True,0.7905,6
AAPL,5,mse,garch11,True,0.7905,6
AAPL,5,mse,gbm_gated,False,0.052,6
AAPL,5,mse,gbm_pooled,False,0.0575,6
AAPL,5,mse,har,True,0.7905,6
AAPL,5,mse,regime_features,True,0.7905,6
AAPL,5,mse,regime_normal,False,0.0575,6
AAPL,5,mse,regime_shrunk,True,0.7905,6
AAPL,5,mse,ridge,True,0.7905,6
AAPL,5,qlike,ewma,True,0.1495,9
AAPL,5,qlike,garch11,True,0.1495,9
AAPL,5,qlike,gbm_gated,True,0.1495,9
AAPL,5,qlike,gbm_pooled,True,0.1495,9
AAPL,5,qlike,har,True,0.1495,9
AAPL,5,qlike,regime_features,True,0.1495,9
AAPL,5,qlike,regime_normal,True,0.1495,9
AAPL,5,qlike,regime_shrunk,True,0.1495,9
AAPL,5,qlike,ridge,True,0.1495,9
AAPL,20,mse,ewma,True,0.4395,9
AAPL,20,mse,garch11,True,0.4395,9
AAPL,20,mse,gbm_gated,True,0.4395,9
AAPL,20,mse,gbm_pooled,True,0.4395,9
AAPL,20,mse,har,True,0.4395,9
AAPL,20,mse,regime_features,True,0.4395,9
AAPL,20,mse,regime_normal,True,0.4395,9
AAPL,20,mse,regime_shrunk,True,0.4395,9
AAPL,20,mse,ridge,True,0.4395,9
AAPL,20,qlike,ewma,True,0.305,9
AAPL,20,qlike,garch11,True,0.305,9
AAPL,20,qlike,gbm_gated,True,0.305,9
AAPL,20,qlike,gbm_pooled,True,0.305,9
AAPL,20,qlike,har,True,0.305,9
AAPL,20,qlike,regime_features,True,0.305,9
AAPL,20,qlike,regime_normal,True,0.305,9
AAPL,20,qlike,regime_shrunk,True,0.305,9
AAPL,20,qlike,ridge,True,0.305,9
BTC-USD,1,mse,ewma,True,0.3475,3
BTC-USD,1,mse,garch11,False,0.021,3
BTC-USD,1,mse,gbm_gated,False,0.021,3
BTC-USD,1,mse,gbm_pooled,False,0.021,3
BTC-USD,1,mse,har,False,0.021,3
BTC-USD,1,mse,regime_features,False,0.021,3
BTC-USD,1,mse,regime_normal,False,0.009,3
BTC-USD,1,mse,regime_shrunk,True,0.3475,3
BTC-USD,1,mse,ridge,True,0.3475,3
BTC-USD,1,qlike,ewma,True,0.315,9
BTC-USD,1,qlike,garch11,True,0.315,9
BTC-USD,1,qlike,gbm_gated,True,0.315,9
BTC-USD,1,qlike,gbm_pooled,True,0.315,9
BTC-USD,1,qlike,har,True,0.315,9
BTC-USD,1,qlike,regime_features,True,0.315,9
BTC-USD,1,qlike,regime_normal,True,0.315,9
BTC-USD,1,qlike,regime_shrunk,True,0.315,9
BTC-USD,1,qlike,ridge,True,0.315,9
BTC-USD,5,mse,ewma,True,0.1415,4
BTC-USD,5,mse,garch11,False,0.0,4
BTC-USD,5,mse,gbm_gated,False,0.0,4
BTC-USD,5,mse,gbm_pooled,False,0.0,4
BTC-USD,5,mse,har,False,0.079,4
BTC-USD,5,mse,regime_features,True,0.1415,4
BTC-USD,5,mse,regime_normal,False,0.0,4
BTC-USD,5,mse,regime_shrunk,True,0.1415,4
BTC-USD,5,mse,ridge,True,0.1415,4
BTC-USD,5,qlike,ewma,True,0.332,5
BTC-USD,5,qlike,garch11,True,0.332,5
BTC-USD,5,qlike,gbm_gated,False,0.0055,5
BTC-USD,5,qlike,gbm_pooled,False,0.0085,5
BTC-USD,5,qlike,har,True,0.332,5
BTC-USD,5,qlike,regime_features,False,0.08,5
BTC-USD,5,qlike,regime_normal,False,0.0085,5
BTC-USD,5,qlike,regime_shrunk,True,0.332,5
BTC-USD,5,qlike,ridge,True,0.332,5
BTC-USD,20,mse,ewma,True,0.1275,2
BTC-USD,20,mse,garch11,False,0.003,2
BTC-USD,20,mse,gbm_gated,False,0.082,2
BTC-USD,20,mse,gbm_pooled,False,0.082,2
BTC-USD,20,mse,har,False,0.082,2
BTC-USD,20,mse,regime_features,False,0.082,2
BTC-USD,20,mse,regime_normal,False,0.003,2
BTC-USD,20,mse,regime_shrunk,False,0.082,2
BTC-USD,20,mse,ridge,True,0.1275,2
BTC-USD,20,qlike,ewma,True,1.0,1
BTC-USD,20,qlike,garch11,False,0.0185,1
BTC-USD,20,qlike,gbm_gated,False,0.0865,1
BTC-USD,20,qlike,gbm_pooled,False,0.0185,1
BTC-USD,20,qlike,har,False,0.0925,1
BTC-USD,20,qlike,regime_features,False,0.0865,1
BTC-USD,20,qlike,regime_normal,False,0.0185,1
BTC-USD,20,qlike,regime_shrunk,False,0.0925,1
BTC-USD,20,qlike,ridge,False,0.0925,1
EEM,1,mse,ewma,False,0.04,3
EEM,1,mse,garch11,True,0.2415,3
EEM,1,mse,gbm_gated,False,0.019,3
EEM,1,mse,gbm_pooled,False,0.04,3
EEM,1,mse,har,False,0.04,3
EEM,1,mse,regime_features,False,0.04,3
EEM,1,mse,regime_normal,False,0.04,3
EEM,1,mse,regime_shrunk,True,0.2415,3
EEM,1,mse,ridge,True,0.2415,3
EEM,1,qlike,ewma,False,0.015,6
EEM,1,qlike,garch11,True,0.5185,6
EEM,1,qlike,gbm_gated,False,0.0,6
EEM,1,qlike,gbm_pooled,True,0.5185,6
EEM,1,qlike,har,False,0.001,6
EEM,1,qlike,regime_features,True,0.5185,6
EEM,1,qlike,regime_normal,True,0.5185,6
EEM,1,qlike,regime_shrunk,True,0.5185,6
EEM,1,qlike,ridge,True,0.5185,6
EEM,5,mse,ewma,True,0.1515,9
EEM,5,mse,garch11,True,0.1515,9
EEM,5,mse,gbm_gated,True,0.1515,9
EEM,5,mse,gbm_pooled,True,0.1515,9
EEM,5,mse,har,True,0.1515,9
EEM,5,mse,regime_features,True,0.1515,9
EEM,5,mse,regime_normal,True,0.1515,9
EEM,5,mse,regime_shrunk,True,0.1515,9
EEM,5,mse,ridge,True,0.1515,9
EEM,5,qlike,ewma,True,0.267,9
EEM,5,qlike,garch11,True,0.267,9
EEM,5,qlike,gbm_gated,True,0.267,9
EEM,5,qlike,gbm_pooled,True,0.267,9
EEM,5,qlike,har,True,0.267,9
EEM,5,qlike,regime_features,True,0.267,9
EEM,5,qlike,regime_normal,True,0.267,9
EEM,5,qlike,regime_shrunk,True,0.267,9
EEM,5,qlike,ridge,True,0.267,9
EEM,20,mse,ewma,True,0.171,9
EEM,20,mse,garch11,True,0.171,9
EEM,20,mse,gbm_gated,True,0.171,9
EEM,20,mse,gbm_pooled,True,0.171,9
EEM,20,mse,har,True,0.171,9
EEM,20,mse,regime_features,True,0.171,9
EEM,20,mse,regime_normal,True,0.171,9
EEM,20,mse,regime_shrunk,True,0.171,9
EEM,20,mse,ridge,True,0.171,9
EEM,20,qlike,ewma,True,0.256,9
EEM,20,qlike,garch11,True,0.256,9
EEM,20,qlike,gbm_gated,True,0.256,9
EEM,20,qlike,gbm_pooled,True,0.256,9
EEM,20,qlike,har,True,0.256,9
EEM,20,qlike,regime_features,True,0.256,9
EEM,20,qlike,regime_normal,True,0.256,9
EEM,20,qlike,regime_shrunk,True,0.256,9
EEM,20,qlike,ridge,True,0.256,9
EFA,1,mse,ewma,False,0.038,4
EFA,1,mse,garch11,True,0.558,4
EFA,1,mse,gbm_gated,False,0.003,4
EFA,1,mse,gbm_pooled,False,0.003,4
EFA,1,mse,har,False,0.038,4
EFA,1,mse,regime_features,True,0.558,4
EFA,1,mse,regime_normal,False,0.038,4
EFA,1,mse,regime_shrunk,True,0.558,4
EFA,1,mse,ridge,True,0.558,4
EFA,1,qlike,ewma,True,0.1315,9
EFA,1,qlike,garch11,True,0.1315,9
EFA,1,qlike,gbm_gated,True,0.1315,9
EFA,1,qlike,gbm_pooled,True,0.1315,9
EFA,1,qlike,har,True,0.1315,9
EFA,1,qlike,regime_features,True,0.1315,9
EFA,1,qlike,regime_normal,True,0.1315,9
EFA,1,qlike,regime_shrunk,True,0.1315,9
EFA,1,qlike,ridge,True,0.1315,9
EFA,5,mse,ewma,True,0.104,7
EFA,5,mse,garch11,True,0.104,7
EFA,5,mse,gbm_gated,False,0.0565,7
EFA,5,mse,gbm_pooled,False,0.0475,7
EFA,5,mse,har,True,0.104,7
EFA,5,mse,regime_features,True,0.104,7
EFA,5,mse,regime_normal,True,0.104,7
EFA,5,mse,regime_shrunk,True,0.104,7
EFA,5,mse,ridge,True,0.104,7
EFA,5,qlike,ewma,True,0.457,9
EFA,5,qlike,garch11,True,0.457,9
EFA,5,qlike,gbm_gated,True,0.457,9
EFA,5,qlike,gbm_pooled,True,0.457,9
EFA,5,qlike,har,True,0.457,9
EFA,5,qlike,regime_features,True,0.457,9
EFA,5,qlike,regime_normal,True,0.457,9
EFA,5,qlike,regime_shrunk,True,0.457,9
EFA,5,qlike,ridge,True,0.457,9
EFA,20,mse,ewma,True,0.1505,6
EFA,20,mse,garch11,True,0.1505,6
EFA,20,mse,gbm_gated,False,0.0355,6
EFA,20,mse,gbm_pooled,False,0.0355,6
EFA,20,mse,har,True,0.1505,6
EFA,20,mse,regime_features,True,0.1505,6
EFA,20,mse,regime_normal,False,0.0355,6
EFA,20,mse,regime_shrunk,True,0.1505,6
EFA,20,mse,ridge,True,0.1505,6
EFA,20,qlike,ewma,True,0.103,7
EFA,20,qlike,garch11,True,0.103,7
EFA,20,qlike,gbm_gated,True,0.103,7
EFA,20,qlike,gbm_pooled,False,0.094,7
EFA,20,qlike,har,True,0.103,7
EFA,20,qlike,regime_features,True,0.103,7
EFA,20,qlike,regime_normal,False,0.046,7
EFA,20,qlike,regime_shrunk,True,0.103,7
EFA,20,qlike,ridge,True,0.103,7
FXE,1,mse,ewma,True,0.653,2
FXE,1,mse,garch11,True,0.653,2
FXE,1,mse,gbm_gated,False,0.0,2
FXE,1,mse,gbm_pooled,False,0.0,2
FXE,1,mse,har,False,0.0005,2
FXE,1,mse,regime_features,False,0.0,2
FXE,1,mse,regime_normal,False,0.0,2
FXE,1,mse,regime_shrunk,False,0.0005,2
FXE,1,mse,ridge,False,0.0005,2
FXE,1,qlike,ewma,True,0.659,8
FXE,1,qlike,garch11,True,0.659,8
FXE,1,qlike,gbm_gated,False,0.0245,8
FXE,1,qlike,gbm_pooled,True,0.659,8
FXE,1,qlike,har,True,0.659,8
FXE,1,qlike,regime_features,True,0.659,8
FXE,1,qlike,regime_normal,True,0.659,8
FXE,1,qlike,regime_shrunk,True,0.659,8
FXE,1,qlike,ridge,True,0.659,8
FXE,5,mse,ewma,True,0.781,2
FXE,5,mse,garch11,True,0.781,2
FXE,5,mse,gbm_gated,False,0.0,2
FXE,5,mse,gbm_pooled,False,0.0,2
FXE,5,mse,har,False,0.0035,2
FXE,5,mse,regime_features,False,0.0,2
FXE,5,mse,regime_normal,False,0.0,2
FXE,5,mse,regime_shrunk,False,0.0,2
FXE,5,mse,ridge,False,0.0005,2
FXE,5,qlike,ewma,True,0.343,2
FXE,5,qlike,garch11,True,0.343,2
FXE,5,qlike,gbm_gated,False,0.0,2
FXE,5,qlike,gbm_pooled,False,0.0005,2
FXE,5,qlike,har,False,0.0205,2
FXE,5,qlike,regime_features,False,0.0,2
FXE,5,qlike,regime_normal,False,0.0,2
FXE,5,qlike,regime_shrunk,False,0.0,2
FXE,5,qlike,ridge,False,0.0005,2
FXE,20,mse,ewma,True,0.7015,2
FXE,20,mse,garch11,True,0.7015,2
FXE,20,mse,gbm_gated,False,0.019,2
FXE,20,mse,gbm_pooled,False,0.026,2
FXE,20,mse,har,False,0.0435,2
FXE,20,mse,regime_features,False,0.0435,2
FXE,20,mse,regime_normal,False,0.019,2
FXE,20,mse,regime_shrunk,False,0.0435,2
FXE,20,mse,ridge,False,0.0435,2
FXE,20,qlike,ewma,True,0.1475,7
FXE,20,qlike,garch11,True,0.1475,7
FXE,20,qlike,gbm_gated,False,0.072,7
FXE,20,qlike,gbm_pooled,True,0.1475,7
FXE,20,qlike,har,True,0.1475,7
FXE,20,qlike,regime_features,True,0.1475,7
FXE,20,qlike,regime_normal,False,0.072,7
FXE,20,qlike,regime_shrunk,True,0.1475,7
FXE,20,qlike,ridge,True,0.1475,7
GLD,1,mse,ewma,True,0.207,6
GLD,1,mse,garch11,True,0.207,6
GLD,1,mse,gbm_gated,False,0.001,6
GLD,1,mse,gbm_pooled,True,0.207,6
GLD,1,mse,har,True,0.207,6
GLD,1,mse,regime_features,True,0.207,6
GLD,1,mse,regime_normal,False,0.018,6
GLD,1,mse,regime_shrunk,False,0.0595,6
GLD,1,mse,ridge,True,0.207,6
GLD,1,qlike,ewma,True,0.105,7
GLD,1,qlike,garch11,True,0.105,7
GLD,1,qlike,gbm_gated,False,0.003,7
GLD,1,qlike,gbm_pooled,True,0.105,7
GLD,1,qlike,har,True,0.105,7
GLD,1,qlike,regime_features,True,0.105,7
GLD,1,qlike,regime_normal,False,0.079,7
GLD,1,qlike,regime_shrunk,True,0.105,7
GLD,1,qlike,ridge,True,0.105,7
GLD,5,mse,ewma,True,0.217,7
GLD,5,mse,garch11,True,0.217,7
GLD,5,mse,gbm_gated,False,0.0385,7
GLD,5,mse,gbm_pooled,True,0.217,7
GLD,5,mse,har,True,0.217,7
GLD,5,mse,regime_features,True,0.217,7
GLD,5,mse,regime_normal,False,0.0035,7
GLD,5,mse,regime_shrunk,True,0.217,7
GLD,5,mse,ridge,True,0.217,7
GLD,5,qlike,ewma,True,0.222,8
GLD,5,qlike,garch11,True,0.222,8
GLD,5,qlike,gbm_gated,True,0.222,8
GLD,5,qlike,gbm_pooled,True,0.222,8
GLD,5,qlike,har,True,0.222,8
GLD,5,qlike,regime_features,True,0.222,8
GLD,5,qlike,regime_normal,False,0.0075,8
GLD,5,qlike,regime_shrunk,True,0.222,8
GLD,5,qlike,ridge,True,0.222,8
GLD,20,mse,ewma,True,0.1255,8
GLD,20,mse,garch11,True,0.1255,8
GLD,20,mse,gbm_gated,True,0.1255,8
GLD,20,mse,gbm_pooled,True,0.1255,8
GLD,20,mse,har,True,0.1255,8
GLD,20,mse,regime_features,True,0.1255,8
GLD,20,mse,regime_normal,False,0.0865,8
GLD,20,mse,regime_shrunk,True,0.1255,8
GLD,20,mse,ridge,True,0.1255,8
GLD,20,qlike,ewma,True,0.117,9
GLD,20,qlike,garch11,True,0.117,9
GLD,20,qlike,gbm_gated,True,0.117,9
GLD,20,qlike,gbm_pooled,True,0.117,9
GLD,20,qlike,har,True,0.117,9
GLD,20,qlike,regime_features,True,0.117,9
GLD,20,qlike,regime_normal,True,0.117,9
GLD,20,qlike,regime_shrunk,True,0.117,9
GLD,20,qlike,ridge,True,0.117,9
HYG,1,mse,ewma,False,0.0445,6
HYG,1,mse,garch11,True,0.3385,6
HYG,1,mse,gbm_gated,False,0.0,6
HYG,1,mse,gbm_pooled,False,0.0,6
HYG,1,mse,har,True,0.3385,6
HYG,1,mse,regime_features,True,0.3385,6
HYG,1,mse,regime_normal,True,0.3385,6
HYG,1,mse,regime_shrunk,True,0.3385,6
HYG,1,mse,ridge,True,0.3385,6
HYG,1,qlike,ewma,False,0.002,7
HYG,1,qlike,garch11,True,0.217,7
HYG,1,qlike,gbm_gated,False,0.002,7
HYG,1,qlike,gbm_pooled,True,0.217,7
HYG,1,qlike,har,True,0.217,7
HYG,1,qlike,regime_features,True,0.217,7
HYG,1,qlike,regime_normal,True,0.217,7
HYG,1,qlike,regime_shrunk,True,0.217,7
HYG,1,qlike,ridge,True,0.217,7
HYG,5,mse,ewma,False,0.046,5
HYG,5,mse,garch11,True,0.1275,5
HYG,5,mse,gbm_gated,False,0.0435,5
HYG,5,mse,gbm_pooled,False,0.046,5
HYG,5,mse,har,False,0.046,5
HYG,5,mse,regime_features,True,0.1275,5
HYG,5,mse,regime_normal,True,0.1275,5
HYG,5,mse,regime_shrunk,True,0.1275,5
HYG,5,mse,ridge,True,0.1275,5
HYG,5,qlike,ewma,True,0.2545,6
HYG,5,qlike,garch11,True,0.2545,6
HYG,5,qlike,gbm_gated,False,0.003,6
HYG,5,qlike,gbm_pooled,False,0.003,6
HYG,5,qlike,har,True,0.2545,6
HYG,5,qlike,regime_features,True,0.2545,6
HYG,5,qlike,regime_normal,False,0.003,6
HYG,5,qlike,regime_shrunk,True,0.2545,6
HYG,5,qlike,ridge,True,0.2545,6
HYG,20,mse,ewma,True,0.307,9
HYG,20,mse,garch11,True,0.307,9
HYG,20,mse,gbm_gated,True,0.307,9
HYG,20,mse,gbm_pooled,True,0.307,9
HYG,20,mse,har,True,0.307,9
HYG,20,mse,regime_features,True,0.307,9
HYG,20,mse,regime_normal,True,0.307,9
HYG,20,mse,regime_shrunk,True,0.307,9
HYG,20,mse,ridge,True,0.307,9
HYG,20,qlike,ewma,True,0.2505,9
HYG,20,qlike,garch11,True,0.2505,9
HYG,20,qlike,gbm_gated,True,0.2505,9
HYG,20,qlike,gbm_pooled,True,0.2505,9
HYG,20,qlike,har,True,0.2505,9
HYG,20,qlike,regime_features,True,0.2505,9
HYG,20,qlike,regime_normal,True,0.2505,9
HYG,20,qlike,regime_shrunk,True,0.2505,9
HYG,20,qlike,ridge,True,0.2505,9
IWM,1,mse,ewma,True,0.316,4
IWM,1,mse,garch11,True,0.316,4
IWM,1,mse,gbm_gated,False,0.0,4
IWM,1,mse,gbm_pooled,False,0.0,4
IWM,1,mse,har,False,0.001,4
IWM,1,mse,regime_features,False,0.001,4
IWM,1,mse,regime_normal,False,0.001,4
IWM,1,mse,regime_shrunk,True,0.316,4
IWM,1,mse,ridge,True,0.316,4
IWM,1,qlike,ewma,True,0.1785,4
IWM,1,qlike,garch11,True,0.1785,4
IWM,1,qlike,gbm_gated,False,0.0005,4
IWM,1,qlike,gbm_pooled,False,0.0,4
IWM,1,qlike,har,False,0.0005,4
IWM,1,qlike,regime_features,False,0.0005,4
IWM,1,qlike,regime_normal,False,0.0005,4
IWM,1,qlike,regime_shrunk,True,0.1785,4
IWM,1,qlike,ridge,True,0.1785,4
IWM,5,mse,ewma,True,0.156,4
IWM,5,mse,garch11,True,0.156,4
IWM,5,mse,gbm_gated,False,0.005,4
IWM,5,mse,gbm_pooled,False,0.005,4
IWM,5,mse,har,False,0.005,4
IWM,5,mse,regime_features,False,0.051,4
IWM,5,mse,regime_normal,False,0.005,4
IWM,5,mse,regime_shrunk,True,0.156,4
IWM,5,mse,ridge,True,0.156,4
IWM,5,qlike,ewma,True,0.101,5
IWM,5,qlike,garch11,True,0.101,5
IWM,5,qlike,gbm_gated,False,0.0055,5
IWM,5,qlike,gbm_pooled,False,0.0055,5
IWM,5,qlike,har,False,0.0055,5
IWM,5,qlike,regime_features,True,0.101,5
IWM,5,qlike,regime_normal,False,0.0055,5
IWM,5,qlike,regime_shrunk,True,0.101,5
IWM,5,qlike,ridge,True,0.101,5
IWM,20,mse,ewma,True,0.443,6
IWM,20,mse,garch11,True,0.443,6
IWM,20,mse,gbm_gated,False,0.0955,6
IWM,20,mse,gbm_pooled,False,0.0955,6
IWM,20,mse,har,True,0.443,6
IWM,20,mse,regime_features,True,0.443,6
IWM,20,mse,regime_normal,False,0.0955,6
IWM,20,mse,regime_shrunk,True,0.443,6
IWM,20,mse,ridge,True,0.443,6
IWM,20,qlike,ewma,True,0.9435,6
IWM,20,qlike,garch11,True,0.9435,6
IWM,20,qlike,gbm_gated,False,0.065,6
IWM,20,qlike,gbm_pooled,False,0.065,6
IWM,20,qlike,har,True,0.9435,6
IWM,20,qlike,regime_features,True,0.9435,6
IWM,20,qlike,regime_normal,False,0.065,6
IWM,20,qlike,regime_shrunk,True,0.9435,6
IWM,20,qlike,ridge,True,0.9435,6
JPM,1,mse,ewma,True,0.5705,4
JPM,1,mse,garch11,True,0.5705,4
JPM,1,mse,gbm_gated,False,0.0,4
JPM,1,mse,gbm_pooled,False,0.0,4
JPM,1,mse,har,False,0.012,4
JPM,1,mse,regime_features,False,0.012,4
JPM,1,mse,regime_normal,False,0.001,4
JPM,1,mse,regime_shrunk,True,0.5705,4
JPM,1,mse,ridge,True,0.5705,4
JPM,1,qlike,ewma,True,0.583,6
JPM,1,qlike,garch11,True,0.583,6
JPM,1,qlike,gbm_gated,False,0.005,6
JPM,1,qlike,gbm_pooled,False,0.005,6
JPM,1,qlike,har,False,0.016,6
JPM,1,qlike,regime_features,True,0.583,6
JPM,1,qlike,regime_normal,True,0.583,6
JPM,1,qlike,regime_shrunk,True,0.583,6
JPM,1,qlike,ridge,True,0.583,6
JPM,5,mse,ewma,True,0.185,4
JPM,5,mse,garch11,True,0.185,4
JPM,5,mse,gbm_gated,False,0.007,4
JPM,5,mse,gbm_pooled,False,0.007,4
JPM,5,mse,har,True,0.185,4
JPM,5,mse,regime_features,False,0.007,4
JPM,5,mse,regime_normal,False,0.084,4
JPM,5,mse,regime_shrunk,False,0.084,4
JPM,5,mse,ridge,True,0.185,4
JPM,5,qlike,ewma,True,0.2035,5
JPM,5,qlike,garch11,True,0.2035,5
JPM,5,qlike,gbm_gated,False,0.0265,5
JPM,5,qlike,gbm_pooled,False,0.005,5
JPM,5,qlike,har,True,0.2035,5
JPM,5,qlike,regime_features,False,0.005,5
JPM,5,qlike,regime_normal,True,0.2035,5
JPM,5,qlike,regime_shrunk,True,0.2035,5
JPM,5,qlike,ridge,False,0.0265,5
JPM,20,mse,ewma,True,0.1355,6
JPM,20,mse,garch11,True,0.1355,6
JPM,20,mse,gbm_gated,False,0.0295,6
JPM,20,mse,gbm_pooled,False,0.0425,6
JPM,20,mse,har,True,0.1355,6
JPM,20,mse,regime_features,False,0.079,6
JPM,20,mse,regime_normal,True,0.1355,6
JPM,20,mse,regime_shrunk,True,0.1355,6
JPM,20,mse,ridge,True,0.1355,6
JPM,20,qlike,ewma,True,0.1025,9
JPM,20,qlike,garch11,True,0.1025,9
JPM,20,qlike,gbm_gated,True,0.1025,9
JPM,20,qlike,gbm_pooled,True,0.1025,9
JPM,20,qlike,har,True,0.1025,9
JPM,20,qlike,regime_features,True,0.1025,9
JPM,20,qlike,regime_normal,True,0.1025,9
JPM,20,qlike,regime_shrunk,True,0.1025,9
JPM,20,qlike,ridge,True,0.1025,9
KO,1,mse,ewma,True,0.2155,3
KO,1,mse,garch11,True,0.2155,3
KO,1,mse,gbm_gated,False,0.0,3
KO,1,mse,gbm_pooled,False,0.0,3
KO,1,mse,har,True,0.2155,3
KO,1,mse,regime_features,False,0.0005,3
KO,1,mse,regime_normal,False,0.0,3
KO,1,mse,regime_shrunk,False,0.001,3
KO,1,mse,ridge,False,0.048,3
KO,1,qlike,ewma,True,0.1105,5
KO,1,qlike,garch11,True,0.1105,5
KO,1,qlike,gbm_gated,False,0.0025,5
KO,1,qlike,gbm_pooled,False,0.0025,5
KO,1,qlike,har,True,0.1105,5
KO,1,qlike,regime_features,False,0.015,5
KO,1,qlike,regime_normal,False,0.0025,5
KO,1,qlike,regime_shrunk,True,0.1105,5
KO,1,qlike,ridge,True,0.1105,5
KO,5,mse,ewma,True,0.1155,3
KO,5,mse,garch11,True,0.1155,3
KO,5,mse,gbm_gated,False,0.0385,3
KO,5,mse,gbm_pooled,False,0.0385,3
KO,5,mse,har,False,0.0385,3
KO,5,mse,regime_features,False,0.0385,3
KO,5,mse,regime_normal,False,0.0385,3
KO,5,mse,regime_shrunk,False,0.0385,3
KO,5,mse,ridge,True,0.1155,3
KO,5,qlike,ewma,True,0.1935,5
KO,5,qlike,garch11,True,0.1935,5
KO,5,qlike,gbm_gated,False,0.079,5
KO,5,qlike,gbm_pooled,False,0.079,5
KO,5,qlike,har,True,0.1935,5
KO,5,qlike,regime_features,False,0.079,5
KO,5,qlike,regime_normal,False,0.079,5
KO,5,qlike,regime_shrunk,True,0.1935,5
KO,5,qlike,ridge,True,0.1935,5
KO,20,mse,ewma,True,0.284,2
KO,20,mse,garch11,True,0.284,2
KO,20,mse,gbm_gated,False,0.038,2
KO,20,mse,gbm_pooled,False,0.038,2
KO,20,mse,har,False,0.038,2
KO,20,mse,regime_features,False,0.038,2
KO,20,mse,regime_normal,False,0.038,2
KO,20,mse,regime_shrunk,False,0.038,2
KO,20,mse,ridge,False,0.045,2
KO,20,qlike,ewma,True,0.3045,9
KO,20,qlike,garch11,True,0.3045,9
KO,20,qlike,gbm_gated,True,0.3045,9
KO,20,qlike,gbm_pooled,True,0.3045,9
KO,20,qlike,har,True,0.3045,9
KO,20,qlike,regime_features,True,0.3045,9
KO,20,qlike,regime_normal,True,0.3045,9
KO,20,qlike,regime_shrunk,True,0.3045,9
KO,20,qlike,ridge,True,0.3045,9
MSFT,1,mse,ewma,True,0.13,6
MSFT,1,mse,garch11,True,0.13,6
MSFT,1,mse,gbm_gated,False,0.001,6
MSFT,1,mse,gbm_pooled,False,0.0005,6
MSFT,1,mse,har,True,0.13,6
MSFT,1,mse,regime_features,True,0.13,6
MSFT,1,mse,regime_normal,False,0.0045,6
MSFT,1,mse,regime_shrunk,True,0.13,6
MSFT,1,mse,ridge,True,0.13,6
MSFT,1,qlike,ewma,True,0.163,4
MSFT,1,qlike,garch11,False,0.0445,4
MSFT,1,qlike,gbm_gated,False,0.0445,4
MSFT,1,qlike,gbm_pooled,False,0.086,4
MSFT,1,qlike,har,False,0.0445,4
MSFT,1,qlike,regime_features,True,0.163,4
MSFT,1,qlike,regime_normal,False,0.0445,4
MSFT,1,qlike,regime_shrunk,True,0.163,4
MSFT,1,qlike,ridge,True,0.163,4
MSFT,5,mse,ewma,True,0.7425,5
MSFT,5,mse,garch11,True,0.7425,5
MSFT,5,mse,gbm_gated,False,0.023,5
MSFT,5,mse,gbm_pooled,False,0.023,5
MSFT,5,mse,har,True,0.7425,5
MSFT,5,mse,regime_features,False,0.023,5
MSFT,5,mse,regime_normal,False,0.023,5
MSFT,5,mse,regime_shrunk,True,0.7425,5
MSFT,5,mse,ridge,True,0.7425,5
MSFT,5,qlike,ewma,True,0.169,7
MSFT,5,qlike,garch11,True,0.169,7
MSFT,5,qlike,gbm_gated,False,0.07,7
MSFT,5,qlike,gbm_pooled,True,0.169,7
MSFT,5,qlike,har,True,0.169,7
MSFT,5,qlike,regime_features,True,0.169,7
MSFT,5,qlike,regime_normal,False,0.094,7
MSFT,5,qlike,regime_shrunk,True,0.169,7
MSFT,5,qlike,ridge,True,0.169,7
MSFT,20,mse,ewma,True,0.248,2
MSFT,20,mse,garch11,False,0.062,2
MSFT,20,mse,gbm_gated,False,0.0055,2
MSFT,20,mse,gbm_pooled,False,0.0095,2
MSFT,20,mse,har,True,0.248,2
MSFT,20,mse,regime_features,False,0.0445,2
MSFT,20,mse,regime_normal,False,0.0055,2
MSFT,20,mse,regime_shrunk,False,0.0095,2
MSFT,20,mse,ridge,False,0.062,2
MSFT,20,qlike,ewma,True,0.116,5
MSFT,20,qlike,garch11,True,0.116,5
MSFT,20,qlike,gbm_gated,False,0.043,5
MSFT,20,qlike,gbm_pooled,False,0.0535,5
MSFT,20,qlike,har,True,0.116,5
MSFT,20,qlike,regime_features,True,0.116,5
MSFT,20,qlike,regime_normal,False,0.043,5
MSFT,20,qlike,regime_shrunk,False,0.0535,5
MSFT,20,qlike,ridge,True,0.116,5
QQQ,1,mse,ewma,False,0.0135,5
QQQ,1,mse,garch11,True,0.1685,5
QQQ,1,mse,gbm_gated,False,0.0015,5
QQQ,1,mse,gbm_pooled,False,0.001,5
QQQ,1,mse,har,False,0.071,5
QQQ,1,mse,regime_features,True,0.1685,5
QQQ,1,mse,regime_normal,True,0.1685,5
QQQ,1,mse,regime_shrunk,True,0.1685,5
QQQ,1,mse,ridge,True,0.1685,5
QQQ,1,qlike,ewma,False,0.0405,1
QQQ,1,qlike,garch11,True,1.0,1
QQQ,1,qlike,gbm_gated,False,0.0405,1
QQQ,1,qlike,gbm_pooled,False,0.0405,1
QQQ,1,qlike,har,False,0.0405,1
QQQ,1,qlike,regime_features,False,0.0405,1
QQQ,1,qlike,regime_normal,False,0.0405,1
QQQ,1,qlike,regime_shrunk,False,0.0405,1
QQQ,1,qlike,ridge,False,0.0405,1
QQQ,5,mse,ewma,False,0.0335,5
QQQ,5,mse,garch11,True,0.148,5
QQQ,5,mse,gbm_gated,False,0.0335,5
QQQ,5,mse,gbm_pooled,False,0.0335,5
QQQ,5,mse,har,False,0.0335,5
QQQ,5,mse,regime_features,True,0.148,5
QQQ,5,mse,regime_normal,True,0.148,5
QQQ,5,mse,regime_shrunk,True,0.148,5
QQQ,5,mse,ridge,True,0.148,5
QQQ,5,qlike,ewma,True,0.1295,9
QQQ,5,qlike,garch11,True,0.1295,9
QQQ,5,qlike,gbm_gated,True,0.1295,9
QQQ,5,qlike,gbm_pooled,True,0.1295,9
QQQ,5,qlike,har,True,0.1295,9
QQQ,5,qlike,regime_features,True,0.1295,9
QQQ,5,qlike,regime_normal,True,0.1295,9
QQQ,5,qlike,regime_shrunk,True,0.1295,9
QQQ,5,qlike,ridge,True,0.1295,9
QQQ,20,mse,ewma,True,0.195,9
QQQ,20,mse,garch11,True,0.195,9
QQQ,20,mse,gbm_gated,True,0.195,9
QQQ,20,mse,gbm_pooled,True,0.195,9
QQQ,20,mse,har,True,0.195,9
QQQ,20,mse,regime_features,True,0.195,9
QQQ,20,mse,regime_normal,True,0.195,9
QQQ,20,mse,regime_shrunk,True,0.195,9
QQQ,20,mse,ridge,True,0.195,9
QQQ,20,qlike,ewma,True,0.198,9
QQQ,20,qlike,garch11,True,0.198,9
QQQ,20,qlike,gbm_gated,True,0.198,9
QQQ,20,qlike,gbm_pooled,True,0.198,9
QQQ,20,qlike,har,True,0.198,9
QQQ,20,qlike,regime_features,True,0.198,9
QQQ,20,qlike,regime_normal,True,0.198,9
QQQ,20,qlike,regime_shrunk,True,0.198,9
QQQ,20,qlike,ridge,True,0.198,9
SPY,1,mse,ewma,False,0.0075,1
SPY,1,mse,garch11,False,0.0955,1
SPY,1,mse,gbm_gated,False,0.002,1
SPY,1,mse,gbm_pooled,False,0.001,1
SPY,1,mse,har,False,0.0845,1
SPY,1,mse,regime_features,False,0.0955,1
SPY,1,mse,regime_normal,False,0.0075,1
SPY,1,mse,regime_shrunk,False,0.0955,1
SPY,1,mse,ridge,True,1.0,1
SPY,1,qlike,ewma,False,0.0145,1
SPY,1,qlike,garch11,True,1.0,1
SPY,1,qlike,gbm_gated,False,0.0145,1
SPY,1,qlike,gbm_pooled,False,0.0145,1
SPY,1,qlike,har,False,0.0145,1
SPY,1,qlike,regime_features,False,0.0145,1
SPY,1,qlike,regime_normal,False,0.0145,1
SPY,1,qlike,regime_shrunk,False,0.0145,1
SPY,1,qlike,ridge,False,0.0145,1
SPY,5,mse,ewma,False,0.0115,3
SPY,5,mse,garch11,True,0.2015,3
SPY,5,mse,gbm_gated,False,0.0115,3
SPY,5,mse,gbm_pooled,False,0.0115,3
SPY,5,mse,har,False,0.0115,3
SPY,5,mse,regime_features,False,0.037,3
SPY,5,mse,regime_normal,False,0.026,3
SPY,5,mse,regime_shrunk,True,0.2015,3
SPY,5,mse,ridge,True,0.2015,3
SPY,5,qlike,ewma,True,0.1045,7
SPY,5,qlike,garch11,True,0.1045,7
SPY,5,qlike,gbm_gated,True,0.1045,7
SPY,5,qlike,gbm_pooled,True,0.1045,7
SPY,5,qlike,har,True,0.1045,7
SPY,5,qlike,regime_features,False,0.0805,7
SPY,5,qlike,regime_normal,False,0.009,7
SPY,5,qlike,regime_shrunk,True,0.1045,7
SPY,5,qlike,ridge,True,0.1045,7
SPY,20,mse,ewma,True,0.507,6
SPY,20,mse,garch11,True,0.507,6
SPY,20,mse,gbm_gated,False,0.0165,6
SPY,20,mse,gbm_pooled,False,0.0165,6
SPY,20,mse,har,True,0.507,6
SPY,20,mse,regime_features,True,0.507,6
SPY,20,mse,regime_normal,False,0.0165,6
SPY,20,mse,regime_shrunk,True,0.507,6
SPY,20,mse,ridge,True,0.507,6
SPY,20,qlike,ewma,True,0.794,6
SPY,20,qlike,garch11,True,0.794,6
SPY,20,qlike,gbm_gated,False,0.066,6
SPY,20,qlike,gbm_pooled,False,0.066,6
SPY,20,qlike,har,True,0.794,6
SPY,20,qlike,regime_features,True,0.794,6
SPY,20,qlike,regime_normal,False,0.066,6
SPY,20,qlike,regime_shrunk,True,0.794,6
SPY,20,qlike,ridge,True,0.794,6
TLT,1,mse,ewma,True,1.0,1
TLT,1,mse,garch11,False,0.0,1
TLT,1,mse,gbm_gated,False,0.0,1
TLT,1,mse,gbm_pooled,False,0.0,1
TLT,1,mse,har,False,0.0,1
TLT,1,mse,regime_features,False,0.0,1
TLT,1,mse,regime_normal,False,0.0,1
TLT,1,mse,regime_shrunk,False,0.0,1
TLT,1,mse,ridge,False,0.0,1
TLT,1,qlike,ewma,True,1.0,1
TLT,1,qlike,garch11,False,0.0015,1
TLT,1,qlike,gbm_gated,False,0.0015,1
TLT,1,qlike,gbm_pooled,False,0.0015,1
TLT,1,qlike,har,False,0.0015,1
TLT,1,qlike,regime_features,False,0.0015,1
TLT,1,qlike,regime_normal,False,0.0015,1
TLT,1,qlike,regime_shrunk,False,0.0015,1
TLT,1,qlike,ridge,False,0.0015,1
TLT,5,mse,ewma,True,1.0,1
TLT,5,mse,garch11,False,0.001,1
TLT,5,mse,gbm_gated,False,0.001,1
TLT,5,mse,gbm_pooled,False,0.001,1
TLT,5,mse,har,False,0.001,1
TLT,5,mse,regime_features,False,0.001,1
TLT,5,mse,regime_normal,False,0.001,1
TLT,5,mse,regime_shrunk,False,0.001,1
TLT,5,mse,ridge,False,0.001,1
TLT,5,qlike,ewma,True,1.0,1
TLT,5,qlike,garch11,False,0.001,1
TLT,5,qlike,gbm_gated,False,0.0005,1
TLT,5,qlike,gbm_pooled,False,0.0005,1
TLT,5,qlike,har,False,0.0005,1
TLT,5,qlike,regime_features,False,0.0005,1
TLT,5,qlike,regime_normal,False,0.0005,1
TLT,5,qlike,regime_shrunk,False,0.0005,1
TLT,5,qlike,ridge,False,0.0005,1
TLT,20,mse,ewma,True,1.0,1
TLT,20,mse,garch11,False,0.032,1
TLT,20,mse,gbm_gated,False,0.032,1
TLT,20,mse,gbm_pooled,False,0.0285,1
TLT,20,mse,har,False,0.032,1
TLT,20,mse,regime_features,False,0.032,1
TLT,20,mse,regime_normal,False,0.013,1
TLT,20,mse,regime_shrunk,False,0.0285,1
TLT,20,mse,ridge,False,0.0285,1
TLT,20,qlike,ewma,True,1.0,1
TLT,20,qlike,garch11,False,0.029,1
TLT,20,qlike,gbm_gated,False,0.029,1
TLT,20,qlike,gbm_pooled,False,0.029,1
TLT,20,qlike,har,False,0.029,1
TLT,20,qlike,regime_features,False,0.029,1
TLT,20,qlike,regime_normal,False,0.029,1
TLT,20,qlike,regime_shrunk,False,0.029,1
TLT,20,qlike,ridge,False,0.029,1
TSLA,1,mse,ewma,True,1.0,1
TSLA,1,mse,garch11,False,0.088,1
TSLA,1,mse,gbm_gated,False,0.001,1
TSLA,1,mse,gbm_pooled,False,0.088,1
TSLA,1,mse,har,False,0.088,1
TSLA,1,mse,regime_features,False,0.088,1
TSLA,1,mse,regime_normal,False,0.001,1
TSLA,1,mse,regime_shrunk,False,0.026,1
TSLA,1,mse,ridge,False,0.088,1
TSLA,1,qlike,ewma,True,0.336,2
TSLA,1,qlike,garch11,True,0.336,2
TSLA,1,qlike,gbm_gated,False,0.0,2
TSLA,1,qlike,gbm_pooled,False,0.0005,2
TSLA,1,qlike,har,False,0.0345,2
TSLA,1,qlike,regime_features,False,0.0005,2
TSLA,1,qlike,regime_normal,False,0.0,2
TSLA,1,qlike,regime_shrunk,False,0.0005,2
TSLA,1,qlike,ridge,False,0.0015,2
TSLA,5,mse,ewma,True,1.0,1
TSLA,5,mse,garch11,False,0.0455,1
TSLA,5,mse,gbm_gated,False,0.0025,1
TSLA,5,mse,gbm_pooled,False,0.025,1
TSLA,5,mse,har,False,0.025,1
TSLA,5,mse,regime_features,False,0.01,1
TSLA,5,mse,regime_normal,False,0.0,1
TSLA,5,mse,regime_shrunk,False,0.0,1
TSLA,5,mse,ridge,False,0.025,1
TSLA,5,qlike,ewma,True,0.525,2
TSLA,5,qlike,garch11,True,0.525,2
TSLA,5,qlike,gbm_gated,False,0.0005,2
TSLA,5,qlike,gbm_pooled,False,0.0075,2
TSLA,5,qlike,har,False,0.0275,2
TSLA,5,qlike,regime_features,False,0.0075,2
TSLA,5,qlike,regime_normal,False,0.0005,2
TSLA,5,qlike,regime_shrunk,False,0.0005,2
TSLA,5,qlike,ridge,False,0.0175,2
TSLA,20,mse,ewma,True,0.1665,2
TSLA,20,mse,garch11,True,0.1665,2
TSLA,20,mse,gbm_gated,False,0.0085,2
TSLA,20,mse,gbm_pooled,False,0.025,2
TSLA,20,mse,har,False,0.0775,2
TSLA,20,mse,regime_features,False,0.0775,2
TSLA,20,mse,regime_normal,False,0.0085,2
TSLA,20,mse,regime_shrunk,False,0.0135,2
TSLA,20,mse,ridge,False,0.0775,2
TSLA,20,qlike,ewma,True,0.5255,2
TSLA,20,qlike,garch11,True,0.5255,2
TSLA,20,qlike,gbm_gated,False,0.0105,2
TSLA,20,qlike,gbm_pooled,False,0.043,2
TSLA,20,qlike,har,False,0.0635,2
TSLA,20,qlike,regime_features,False,0.0635,2
TSLA,20,qlike,regime_normal,False,0.0105,2
TSLA,20,qlike,regime_shrunk,False,0.043,2
TSLA,20,qlike,ridge,False,0.0635,2
USO,1,mse,ewma,False,0.026,2
USO,1,mse,garch11,True,0.4065,2
USO,1,mse,gbm_gated,False,0.015,2
USO,1,mse,gbm_pooled,False,0.026,2
USO,1,mse,har,True,0.4065,2
USO,1,mse,regime_features,False,0.026,2
USO,1,mse,regime_normal,False,0.026,2
USO,1,mse,regime_shrunk,False,0.026,2
USO,1,mse,ridge,False,0.026,2
USO,1,qlike,ewma,False,0.0115,1
USO,1,qlike,garch11,True,1.0,1
USO,1,qlike,gbm_gated,False,0.0,1
USO,1,qlike,gbm_pooled,False,0.0115,1
USO,1,qlike,har,False,0.0165,1
USO,1,qlike,regime_features,False,0.0115,1
USO,1,qlike,regime_normal,False,0.006,1
USO,1,qlike,regime_shrunk,False,0.0115,1
USO,1,qlike,ridge,False,0.0115,1
USO,5,mse,ewma,False,0.081,6
USO,5,mse,garch11,True,0.5125,6
USO,5,mse,gbm_gated,False,0.081,6
USO,5,mse,gbm_pooled,False,0.081,6
USO,5,mse,har,True,0.5125,6
USO,5,mse,regime_features,True,0.5125,6
USO,5,mse,regime_normal,True,0.5125,6
USO,5,mse,regime_shrunk,True,0.5125,6
USO,5,mse,ridge,True,0.5125,6
USO,5,qlike,ewma,False,0.0645,4
USO,5,qlike,garch11,True,0.561,4
USO,5,qlike,gbm_gated,False,0.0645,4
USO,5,qlike,gbm_pooled,False,0.0645,4
USO,5,qlike,har,True,0.561,4
USO,5,qlike,regime_features,False,0.0645,4
USO,5,qlike,regime_normal,True,0.561,4
USO,5,qlike,regime_shrunk,True,0.561,4
USO,5,qlike,ridge,False,0.0645,4
USO,20,mse,ewma,True,0.5715,9
USO,20,mse,garch11,True,0.5715,9
USO,20,mse,gbm_gated,True,0.5715,9
USO,20,mse,gbm_pooled,True,0.5715,9
USO,20,mse,har,True,0.5715,9
USO,20,mse,regime_features,True,0.5715,9
USO,20,mse,regime_normal,True,0.5715,9
USO,20,mse,regime_shrunk,True,0.5715,9
USO,20,mse,ridge,True,0.5715,9
USO,20,qlike,ewma,True,0.6355,9
USO,20,qlike,garch11,True,0.6355,9
USO,20,qlike,gbm_gated,True,0.6355,9
USO,20,qlike,gbm_pooled,True,0.6355,9
USO,20,qlike,har,True,0.6355,9
USO,20,qlike,regime_features,True,0.6355,9
USO,20,qlike,regime_normal,True,0.6355,9
USO,20,qlike,regime_shrunk,True,0.6355,9
USO,20,qlike,ridge,True,0.6355,9
XLE,1,mse,ewma,True,0.354,5
XLE,1,mse,garch11,True,0.354,5
XLE,1,mse,gbm_gated,False,0.001,5
XLE,1,mse,gbm_pooled,False,0.001,5
XLE,1,mse,har,True,0.354,5
XLE,1,mse,regime_features,False,0.0285,5
XLE,1,mse,regime_normal,False,0.0245,5
XLE,1,mse,regime_shrunk,True,0.354,5
XLE,1,mse,ridge,True,0.354,5
XLE,1,qlike,ewma,False,0.0455,1
XLE,1,qlike,garch11,True,1.0,1
XLE,1,qlike,gbm_gated,False,0.0,1
XLE,1,qlike,gbm_pooled,False,0.0,1
XLE,1,qlike,har,False,0.002,1
XLE,1,qlike,regime_features,False,0.002,1
XLE,1,qlike,regime_normal,False,0.002,1
XLE,1,qlike,regime_shrunk,False,0.0455,1
XLE,1,qlike,ridge,False,0.002,1
XLE,5,mse,ewma,True,0.609,4
XLE,5,mse,garch11,True,0.609,4
XLE,5,mse,gbm_gated,False,0.008,4
XLE,5,mse,gbm_pooled,False,0.008,4
XLE,5,mse,har,False,0.0745,4
XLE,5,mse,regime_features,False,0.008,4
XLE,5,mse,regime_normal,False,0.008,4
XLE,5,mse,regime_shrunk,True,0.609,4
XLE,5,mse,ridge,True,0.609,4
XLE,5,qlike,ewma,True,0.33,3
XLE,5,qlike,garch11,True,0.33,3
XLE,5,qlike,gbm_gated,False,0.005,3
XLE,5,qlike,gbm_pooled,False,0.005,3
XLE,5,qlike,har,False,0.0075,3
XLE,5,qlike,regime_features,False,0.005,3
XLE,5,qlike,regime_normal,False,0.0075,3
XLE,5,qlike,regime_shrunk,True,0.33,3
XLE,5,qlike,ridge,False,0.0075,3
XLE,20,mse,ewma,True,0.1855,6
XLE,20,mse,garch11,True,0.1855,6
XLE,20,mse,gbm_gated,False,0.039,6
XLE,20,mse,gbm_pooled,False,0.039,6
XLE,20,mse,har,True,0.1855,6
XLE,20,mse,regime_features,False,0.039,6
XLE,20,mse,regime_normal,True,0.1855,6
XLE,20,mse,regime_shrunk,True,0.1855,6
XLE,20,mse,ridge,True,0.1855,6
XLE,20,qlike,ewma,True,0.537,5
XLE,20,qlike,garch11,False,0.052,5
XLE,20,qlike,gbm_gated,False,0.052,5
XLE,20,qlike,gbm_pooled,False,0.052,5
XLE,20,qlike,har,True,0.537,5
XLE,20,qlike,regime_features,False,0.052,5
XLE,20,qlike,regime_normal,True,0.537,5
XLE,20,qlike,regime_shrunk,True,0.537,5
XLE,20,qlike,ridge,True,0.537,5
XLF,1,mse,ewma,False,0.0155,2
XLF,1,mse,garch11,True,0.2545,2
XLF,1,mse,gbm_gated,False,0.0015,2
XLF,1,mse,gbm_pooled,False,0.0015,2
XLF,1,mse,har,False,0.0155,2
XLF,1,mse,regime_features,False,0.007,2
XLF,1,mse,regime_normal,False,0.0015,2
XLF,1,mse,regime_shrunk,False,0.007,2
XLF,1,mse,ridge,True,0.2545,2
XLF,1,qlike,ewma,False,0.004,1
XLF,1,qlike,garch11,True,1.0,1
XLF,1,qlike,gbm_gated,False,0.0035,1
XLF,1,qlike,gbm_pooled,False,0.0035,1
XLF,1,qlike,har,False,0.0035,1
XLF,1,qlike,regime_features,False,0.0035,1
XLF,1,qlike,regime_normal,False,0.0035,1
XLF,1,qlike,regime_shrunk,False,0.0035,1
XLF,1,qlike,ridge,False,0.0035,1
XLF,5,mse,ewma,True,0.247,6
XLF,5,mse,garch11,True,0.247,6
XLF,5,mse,gbm_gated,False,0.048,6
XLF,5,mse,gbm_pooled,False,0.048,6
XLF,5,mse,har,True,0.247,6
XLF,5,mse,regime_features,False,0.048,6
XLF,5,mse,regime_normal,True,0.247,6
XLF,5,mse,regime_shrunk,True,0.247,6
XLF,5,mse,ridge,True,0.247,6
XLF,5,qlike,ewma,True,0.3095,3
XLF,5,qlike,garch11,True,0.3095,3
XLF,5,qlike,gbm_gated,False,0.0735,3
XLF,5,qlike,gbm_pooled,False,0.0735,3
XLF,5,qlike,har,False,0.0735,3
XLF,5,qlike,regime_features,False,0.0735,3
XLF,5,qlike,regime_normal,False,0.0735,3
XLF,5,qlike,regime_shrunk,True,0.3095,3
XLF,5,qlike,ridge,False,0.0735,3
XLF,20,mse,ewma,True,0.114,9
XLF,20,mse,garch11,True,0.114,9
XLF,20,mse,gbm_gated,True,0.114,9
XLF,20,mse,gbm_pooled,True,0.114,9
XLF,20,mse,har,True,0.114,9
XLF,20,mse,regime_features,True,0.114,9
XLF,20,mse,regime_normal,True,0.114,9
XLF,20,mse,regime_shrunk,True,0.114,9
XLF,20,mse,ridge,True,0.114,9
XLF,20,qlike,ewma,True,0.4245,9
XLF,20,qlike,garch11,True,0.4245,9
XLF,20,qlike,gbm_gated,True,0.4245,9
XLF,20,qlike,gbm_pooled,True,0.4245,9
XLF,20,qlike,har,True,0.4245,9
XLF,20,qlike,regime_features,True,0.4245,9
XLF,20,qlike,regime_normal,True,0.4245,9
XLF,20,qlike,regime_shrunk,True,0.4245,9
XLF,20,qlike,ridge,True,0.4245,9
XLK,1,mse,ewma,False,0.007,1
XLK,1,mse,garch11,False,0.0095,1
XLK,1,mse,gbm_gated,False,0.0,1
XLK,1,mse,gbm_pooled,False,0.0,1
XLK,1,mse,har,False,0.0095,1
XLK,1,mse,regime_features,False,0.0095,1
XLK,1,mse,regime_normal,False,0.007,1
XLK,1,mse,regime_shrunk,False,0.0095,1
XLK,1,mse,ridge,True,1.0,1
XLK,1,qlike,ewma,False,0.058,1
XLK,1,qlike,garch11,True,1.0,1
XLK,1,qlike,gbm_gated,False,0.017,1
XLK,1,qlike,gbm_pooled,False,0.0105,1
XLK,1,qlike,har,False,0.0535,1
XLK,1,qlike,regime_features,False,0.0535,1
XLK,1,qlike,regime_normal,False,0.0535,1
XLK,1,qlike,regime_shrunk,False,0.0535,1
XLK,1,qlike,ridge,False,0.0535,1
XLK,5,mse,ewma,False,0.03,1
XLK,5,mse,garch11,False,0.068,1
XLK,5,mse,gbm_gated,False,0.03,1
XLK,5,mse,gbm_pooled,False,0.03,1
XLK,5,mse,har,False,0.03,1
XLK,5,mse,regime_features,False,0.068,1
XLK,5,mse,regime_normal,False,0.05,1
XLK,5,mse,regime_shrunk,False,0.068,1
XLK,5,mse,ridge,True,1.0,1
XLK,5,qlike,ewma,True,0.2425,9
XLK,5,qlike,garch11,True,0.2425,9
XLK,5,qlike,gbm_gated,True,0.2425,9
XLK,5,qlike,gbm_pooled,True,0.2425,9
XLK,5,qlike,har,True,0.2425,9
XLK,5,qlike,regime_features,True,0.2425,9
XLK,5,qlike,regime_normal,True,0.2425,9
XLK,5,qlike,regime_shrunk,True,0.2425,9
XLK,5,qlike,ridge,True,0.2425,9
XLK,20,mse,ewma,True,0.1665,9
XLK,20,mse,garch11,True,0.1665,9
XLK,20,mse,gbm_gated,True,0.1665,9
XLK,20,mse,gbm_pooled,True,0.1665,9
XLK,20,mse,har,True,0.1665,9
XLK,20,mse,regime_features,True,0.1665,9
XLK,20,mse,regime_normal,True,0.1665,9
XLK,20,mse,regime_shrunk,True,0.1665,9
XLK,20,mse,ridge,True,0.1665,9
XLK,20,qlike,ewma,True,0.1185,9
XLK,20,qlike,garch11,True,0.1185,9
XLK,20,qlike,gbm_gated,True,0.1185,9
XLK,20,qlike,gbm_pooled,True,0.1185,9
XLK,20,qlike,har,True,0.1185,9
XLK,20,qlike,regime_features,True,0.1185,9
XLK,20,qlike,regime_normal,True,0.1185,9
XLK,20,qlike,regime_shrunk,True,0.1185,9
XLK,20,qlike,ridge,True,0.1185,9
XOM,1,mse,ewma,True,0.246,3
XOM,1,mse,garch11,True,0.246,3
XOM,1,mse,gbm_gated,False,0.0,3
XOM,1,mse,gbm_pooled,False,0.0,3
XOM,1,mse,har,True,0.246,3
XOM,1,mse,regime_features,False,0.0,3
XOM,1,mse,regime_normal,False,0.0,3
XOM,1,mse,regime_shrunk,False,0.0025,3
XOM,1,mse,ridge,False,0.0,3
XOM,1,qlike,ewma,True,0.738,3
XOM,1,qlike,garch11,True,0.738,3
XOM,1,qlike,gbm_gated,False,0.0,3
XOM,1,qlike,gbm_pooled,False,0.0,3
XOM,1,qlike,har,True,0.738,3
XOM,1,qlike,regime_features,False,0.0,3
XOM,1,qlike,regime_normal,False,0.0095,3
XOM,1,qlike,regime_shrunk,False,0.0215,3
XOM,1,qlike,ridge,False,0.0,3
XOM,5,mse,ewma,True,0.293,5
XOM,5,mse,garch11,True,0.293,5
XOM,5,mse,gbm_gated,False,0.0055,5
XOM,5,mse,gbm_pooled,False,0.0055,5
XOM,5,mse,har,True,0.293,5
XOM,5,mse,regime_features,False,0.0055,5
XOM,5,mse,regime_normal,False,0.016,5
XOM,5,mse,regime_shrunk,True,0.293,5
XOM,5,mse,ridge,True,0.293,5
XOM,5,qlike,ewma,True,0.2415,5
XOM,5,qlike,garch11,True,0.2415,5
XOM,5,qlike,gbm_gated,False,0.0,5
XOM,5,qlike,gbm_pooled,False,0.0,5
XOM,5,qlike,har,True,0.2415,5
XOM,5,qlike,regime_features,False,0.0,5
XOM,5,qlike,regime_normal,False,0.0075,5
XOM,5,qlike,regime_shrunk,True,0.2415,5
XOM,5,qlike,ridge,True,0.2415,5
XOM,20,mse,ewma,True,0.2495,3
XOM,20,mse,garch11,True,0.2495,3
XOM,20,mse,gbm_gated,False,0.0025,3
XOM,20,mse,gbm_pooled,False,0.0025,3
XOM,20,mse,har,True,0.2495,3
XOM,20,mse,regime_features,False,0.0025,3
XOM,20,mse,regime_normal,False,0.0025,3
XOM,20,mse,regime_shrunk,False,0.0025,3
XOM,20,mse,ridge,False,0.0025,3
XOM,20,qlike,ewma,True,0.544,2
XOM,20,qlike,garch11,False,0.0035,2
XOM,20,qlike,gbm_gated,False,0.0035,2
XOM,20,qlike,gbm_pooled,False,0.0035,2
XOM,20,qlike,har,True,0.544,2
XOM,20,qlike,regime_features,False,0.0035,2
XOM,20,qlike,regime_normal,False,0.0035,2
XOM,20,qlike,regime_shrunk,False,0.0035,2
XOM,20,qlike,ridge,False,0.0035,2
