target,horizon,target_family,model,model_family,n_oos,rmse,mae,qlike,spearman,top_decile_hit,rmse_hv_now,mae_hv_now,rmse_hv_fut,mae_hv_fut,sel_K_mean,sel_K_mode,sel_soft_frac,ablation_train,ablation_test
y_absret_h1,1,point_absret,ewma,baseline,3771,0.0072633047235853634,0.004843606662502999,1.8568610702000283,0.3250701908018262,0.35978835978835977,0.014642265517824207,0.010061071284747515,0.018037753950328046,0.014395887389152899,,,,,
y_absret_h1,1,point_absret,garch11,baseline,3771,0.007051886094704794,0.004787044816136914,1.7779844295387817,0.34159503911705885,0.373015873015873,0.013883423649579294,0.009890446818359254,0.017105200887551467,0.014033052397709947,,,,,
y_absret_h1,1,point_absret,har,baseline,3771,0.007133268128800965,0.004812303427216839,1.8413834282850303,0.339086780370029,0.35714285714285715,0.014227798654382827,0.010042934562477143,0.01744574918365218,0.014252936889862015,,,,,
y_absret_h1,1,point_absret,regime_both_shuffle,regime,3771,0.007144213528134787,0.004712092755770994,5.230196378052527,0.35916736171144786,0.35978835978835977,0.01455198200391764,0.00987743036014224,0.017744520400646762,0.014221616821997182,2.8,2.0,0.6666666666666666,shuffle,shuffle
y_absret_h1,1,point_absret,regime_expert_shuffle,regime,3771,0.007043601547797304,0.004709042175856289,5.088568330107474,0.3677451589441399,0.38095238095238093,0.014080555707213494,0.009888475425059716,0.017110889891325084,0.013703726669998684,2.7333333333333334,2.0,0.5333333333333333,shuffle,true
y_absret_h1,1,point_absret,regime_gate_shuffle,regime,3771,0.007105584844949126,0.004717838579522746,2.0051171760329414,0.37156593081735334,0.35185185185185186,0.014312548033412201,0.00961305530838976,0.017857375732233473,0.014431511683282904,3.066666666666667,4.0,0.6666666666666666,true,shuffle
y_absret_h1,1,point_absret,regime_normal,regime,3771,0.007224929893336076,0.004722321177644063,4.769987195445855,0.3796021559261884,0.35978835978835977,0.01519834871505735,0.01031639524120247,0.01807116443026182,0.014194868633151515,3.2666666666666666,4.0,0.5333333333333333,true,true
y_absret_h1,1,point_absret,regime_single,regime,3771,0.006967938807619939,0.004635383478923978,2.1185281941171477,0.38840259502334246,0.36772486772486773,0.013953271140019438,0.009748469843633308,0.01697556006293409,0.013629751526422968,2.0,2.0,0.0,single,single
y_absret_h1,1,point_absret,ridge,baseline,3771,0.006967938807619939,0.004635383478923978,2.1185281941171477,0.38840259502334246,0.36772486772486773,0.013953271140019438,0.009748469843633308,0.01697556006293409,0.013629751526422968,,,,,
y_absret_h1,1,point_absret,rw_vol,baseline,3771,0.00943610599397466,0.006307146368909439,148.9393048785578,0.14982103473994282,0.24867724867724866,0.018785920222061575,0.013535784204778781,0.019068857938747335,0.015467102261211882,,,,,
y_absret_h1,1,point_absret,train_mean,baseline,3771,0.00842337435241353,0.00571176088450622,2.784362259445476,-0.03669869990743689,0.05389221556886228,0.01786979890972879,0.010841794874090876,0.021890577754134517,0.017623179804024704,,,,,
y_absret_h1,1,point_absret,zero,baseline,3771,0.010847142251404101,0.007154826006247698,13853.4304193945,0.0,0.10023866348448687,0.02201732089530382,0.015436536427273176,0.028046545660683313,0.02504469318105472,,,,,
y_absret_h20,20,point_absret,ewma,baseline,3771,0.008043147198503721,0.005234506328316479,2.599445058151152,0.1539328086730545,0.23544973544973544,0.010338641533429055,0.007640534944036069,0.021337217792601636,0.016863200297569554,,,,,
y_absret_h20,20,point_absret,garch11,baseline,3771,0.008050646359937637,0.0052612679957939395,2.551550493575645,0.12309477574287456,0.25396825396825395,0.010326027117500997,0.007580601477593743,0.021305037793042,0.016889974153842524,,,,,
y_absret_h20,20,point_absret,har,baseline,3771,0.008041691377548087,0.005244294133196343,2.5125732487016474,0.14787098528018322,0.23809523809523808,0.010363596157983539,0.007662352164511527,0.02121652349390638,0.01674971967874805,,,,,
y_absret_h20,20,point_absret,regime_both_shuffle,regime,3771,0.008147654500574185,0.00530692587985725,2.647545434290662,0.10707687282227718,0.18783068783068782,0.010803609355086771,0.007690474732721115,0.021590188819144554,0.017265822257069897,2.6666666666666665,2.0,0.4666666666666667,shuffle,shuffle
y_absret_h20,20,point_absret,regime_expert_shuffle,regime,3771,0.00818635454660816,0.005361072769598316,2.6194250344161825,0.08935223538272671,0.18783068783068782,0.01100995487601471,0.00793314163083182,0.02150945717216965,0.0171207026909296,2.933333333333333,3.0,0.6,shuffle,true
y_absret_h20,20,point_absret,regime_gate_shuffle,regime,3771,0.008141013194406702,0.00533622423198897,2.5882276266256854,0.10233689554207413,0.1984126984126984,0.010786715120561561,0.007703003352084701,0.02158686080006485,0.017438592597098932,3.1333333333333333,4.0,0.6,true,shuffle
y_absret_h20,20,point_absret,regime_normal,regime,3771,0.00815862175856787,0.005353823147593698,2.5981532467385744,0.0883466622005998,0.1984126984126984,0.010858092714320847,0.007937925646074168,0.021420503142781554,0.01692624061930709,3.0,2.0,0.4,true,true
y_absret_h20,20,point_absret,regime_single,regime,3771,0.008097120217805173,0.005297023263817603,2.575604287295799,0.12945053137114748,0.21693121693121692,0.01054823586203601,0.007654388069041189,0.02140951116540033,0.01705935851146124,2.0,2.0,0.0,single,single
y_absret_h20,20,point_absret,ridge,baseline,3771,0.008097120217805173,0.005297023263817603,2.575604287295799,0.12945053137114748,0.21693121693121692,0.01054823586203601,0.007654388069041189,0.02140951116540033,0.01705935851146124,,,,,
y_absret_h20,20,point_absret,rw_vol,baseline,3771,0.009192482295807568,0.006184828343209771,2.234575504887009,0.18522526520076507,0.25925925925925924,0.016684552382029195,0.0134686259022523,0.01965133822357121,0.014466290053369638,,,,,
y_absret_h20,20,point_absret,train_mean,baseline,3771,0.008424545427299385,0.005714037082497018,2.7763348838976283,-0.03365028189500986,0.05389221556886228,0.011244451177740984,0.0076982845103029714,0.021885131621253953,0.017619092506130116,,,,,
y_absret_h20,20,point_absret,zero,baseline,3771,0.010846010445550938,0.007155756667322219,13850.537735664195,0.0,0.10023866348448687,0.015357918176639486,0.01138563995111115,0.028041061219735555,0.025035994974937054,,,,,
y_absret_h5,5,point_absret,ewma,baseline,3771,0.007593202348086936,0.004963731736000129,2.0887099186941107,0.26647874835889546,0.3439153439153439,0.014112712412898406,0.009338989869986275,0.019582948918951446,0.015374278909448291,,,,,
y_absret_h5,5,point_absret,garch11,baseline,3771,0.007470791071064782,0.004940688352631413,2.035963900880461,0.27261084439372735,0.35978835978835977,0.01363691363228391,0.00926463467271754,0.01905768776800607,0.015208941345338933,,,,,
y_absret_h5,5,point_absret,har,baseline,3771,0.007543443919527767,0.004958403282976518,2.091008577113941,0.27305889096144653,0.3439153439153439,0.013932527932763191,0.009271047924320179,0.019258362207739063,0.015260443307570353,,,,,
y_absret_h5,5,point_absret,regime_both_shuffle,regime,3771,0.007606502326638629,0.005017111791860456,2.0952929911417164,0.2748270047419835,0.3253968253968254,0.014400053517419341,0.009503033882844049,0.01953397416214035,0.015490768610702503,2.7333333333333334,2.0,0.6666666666666666,shuffle,shuffle
y_absret_h5,5,point_absret,regime_expert_shuffle,regime,3771,0.0076035910354382945,0.005006797260396172,2.102335673784541,0.2715369479860871,0.3253968253968254,0.014358230371223213,0.009404970026644005,0.019652645218518585,0.015603586331629563,2.7333333333333334,2.0,0.8,shuffle,true
y_absret_h5,5,point_absret,regime_gate_shuffle,regime,3771,0.007572591151692915,0.004981850745886272,2.0842605452549603,0.26559438674293717,0.328042328042328,0.014086239723063195,0.009224176997701077,0.019601168818432824,0.01568366464641542,2.8,2.0,0.4,true,shuffle
y_absret_h5,5,point_absret,regime_normal,regime,3771,0.00761562014519976,0.004982971039118315,2.1032816915479153,0.27000261458557934,0.3544973544973545,0.014384793204636601,0.009539944037814788,0.01949878641603995,0.015299138566568388,3.4,4.0,0.6666666666666666,true,true
y_absret_h5,5,point_absret,regime_single,regime,3771,0.007538806833579451,0.00495093404962389,2.091665927948909,0.29066211331141006,0.35185185185185186,0.01411913995744217,0.009384128935795847,0.01932197420678143,0.015289967800681089,2.0,2.0,0.0,single,single
y_absret_h5,5,point_absret,ridge,baseline,3771,0.007538806833579451,0.00495093404962389,2.091665927948909,0.29066211331141006,0.35185185185185186,0.01411913995744217,0.009384128935795847,0.01932197420678143,0.015289967800681089,,,,,
y_absret_h5,5,point_absret,rw_vol,baseline,3771,0.008230822300135342,0.005581145280096195,2.537481188634627,0.2748562625480453,0.3333333333333333,0.015786984278364335,0.011472220388901827,0.016949255708310282,0.012808834626626079,,,,,
y_absret_h5,5,point_absret,train_mean,baseline,3771,0.008423059826722748,0.005713331543115418,2.7804277861963254,-0.03505095673066348,0.05389221556886228,0.016453917093405494,0.010068571335576813,0.02188727048057192,0.017623848366683896,,,,,
y_absret_h5,5,point_absret,zero,baseline,3771,0.010853169739452957,0.007161555432883101,13868.838384975426,0.0,0.10023866348448687,0.02056729113387261,0.014595647273444586,0.02805155081650868,0.02505272205533352,,,,,
y_rv_h1,1,realized_vol,ewma,baseline,3771,0.0072633047235853634,0.004843606662502999,1.8568610702000283,0.3250701908018262,0.35978835978835977,0.014642265517824207,0.010061071284747515,0.018037753950328046,0.014395887389152899,,,,,
y_rv_h1,1,realized_vol,garch11,baseline,3771,0.007051886094704794,0.004787044816136914,1.7779844295387817,0.34159503911705885,0.373015873015873,0.013883423649579294,0.009890446818359254,0.017105200887551467,0.014033052397709947,,,,,
y_rv_h1,1,realized_vol,har,baseline,3771,0.007133268128800965,0.004812303427216839,1.8413834282850303,0.339086780370029,0.35714285714285715,0.014227798654382827,0.010042934562477143,0.01744574918365218,0.014252936889862015,,,,,
y_rv_h1,1,realized_vol,regime_both_shuffle,regime,3771,0.007144213528134787,0.004712092755770994,5.230196378052527,0.35916736171144786,0.35978835978835977,0.01455198200391764,0.00987743036014224,0.017744520400646762,0.014221616821997182,2.8,2.0,0.6666666666666666,shuffle,shuffle
y_rv_h1,1,realized_vol,regime_expert_shuffle,regime,3771,0.007043601547797304,0.004709042175856289,5.088568330107474,0.3677451589441399,0.38095238095238093,0.014080555707213494,0.009888475425059716,0.017110889891325084,0.013703726669998684,2.7333333333333334,2.0,0.5333333333333333,shuffle,true
y_rv_h1,1,realized_vol,regime_gate_shuffle,regime,3771,0.007105584844949126,0.004717838579522746,2.0051171760329414,0.37156593081735334,0.35185185185185186,0.014312548033412201,0.00961305530838976,0.017857375732233473,0.014431511683282904,3.066666666666667,4.0,0.6666666666666666,true,shuffle
y_rv_h1,1,realized_vol,regime_normal,regime,3771,0.007224929893336076,0.004722321177644063,4.769987195445855,0.3796021559261884,0.35978835978835977,0.01519834871505735,0.01031639524120247,0.01807116443026182,0.014194868633151515,3.2666666666666666,4.0,0.5333333333333333,true,true
y_rv_h1,1,realized_vol,regime_single,regime,3771,0.006967938807619939,0.004635383478923978,2.1185281941171477,0.38840259502334246,0.36772486772486773,0.013953271140019438,0.009748469843633308,0.01697556006293409,0.013629751526422968,2.0,2.0,0.0,single,single
y_rv_h1,1,realized_vol,ridge,baseline,3771,0.006967938807619939,0.004635383478923978,2.1185281941171477,0.38840259502334246,0.36772486772486773,0.013953271140019438,0.009748469843633308,0.01697556006293409,0.013629751526422968,,,,,
y_rv_h1,1,realized_vol,rw_vol,baseline,3771,0.00943610599397466,0.006307146368909439,148.9393048785578,0.14982103473994282,0.24867724867724866,0.018785920222061575,0.013535784204778781,0.019068857938747335,0.015467102261211882,,,,,
y_rv_h1,1,realized_vol,train_mean,baseline,3771,0.00842337435241353,0.00571176088450622,2.784362259445476,-0.03669869990743689,0.05389221556886228,0.01786979890972879,0.010841794874090876,0.021890577754134517,0.017623179804024704,,,,,
y_rv_h1,1,realized_vol,zero,baseline,3771,0.010847142251404101,0.007154826006247698,13853.4304193945,0.0,0.10023866348448687,0.02201732089530382,0.015436536427273176,0.028046545660683313,0.02504469318105472,,,,,
y_rv_h20,20,realized_vol,ewma,baseline,3771,0.005061401028923432,0.0029949129621225884,0.5076551779135087,0.4798662714432142,0.5343915343915344,0.008248122164793143,0.00444029816005677,0.013472519341463549,0.009089906667221016,,,,,
y_rv_h20,20,realized_vol,garch11,baseline,3771,0.004912643206608076,0.003004015715985869,0.4724754404016397,0.4542769027080221,0.5158730158730159,0.007420515276723811,0.004253663049299359,0.012825175376727485,0.008904036028677847,,,,,
y_rv_h20,20,realized_vol,har,baseline,3771,0.00496667799333362,0.003002529293676951,0.4663046738749528,0.48492305585241735,0.5,0.007865857766392167,0.004355552495453304,0.013007472261606057,0.008916817471210184,,,,,
y_rv_h20,20,realized_vol,regime_both_shuffle,regime,3771,0.004891332433617802,0.002970678355861855,0.4796677490529946,0.5035085749606625,0.5079365079365079,0.007835857616202065,0.004820431905402249,0.01276051185788436,0.009029139863226341,2.4,2.0,0.8666666666666667,shuffle,shuffle
y_rv_h20,20,realized_vol,regime_expert_shuffle,regime,3771,0.00492541314582155,0.0029605863428843852,0.4780742822952862,0.5110111023824665,0.48148148148148145,0.007894373194305006,0.0045974584511291735,0.012978559977402,0.009181283639259703,2.8,2.0,0.6666666666666666,shuffle,true
y_rv_h20,20,realized_vol,regime_gate_shuffle,regime,3771,0.005089994829982968,0.0030923471799751004,0.530981765094737,0.4533375321590213,0.5,0.008119039054174167,0.004635448520232381,0.013186283114202153,0.00924161798854448,2.6,2.0,0.8666666666666667,true,shuffle
y_rv_h20,20,realized_vol,regime_normal,regime,3771,0.005034804214725465,0.003074064082109765,0.49631535167924845,0.46993882059270364,0.48148148148148145,0.008267393424220705,0.005100533438504423,0.013244795009489798,0.009485696072203478,2.6666666666666665,2.0,0.8,true,true
y_rv_h20,20,realized_vol,regime_single,regime,3771,0.004867099010114743,0.0029122363069397357,0.46421275985533406,0.5171380923516846,0.5211640211640212,0.00776946001124906,0.004530414210084906,0.012833730874011911,0.00894167641739105,2.0,2.0,0.0,single,single
y_rv_h20,20,realized_vol,ridge,baseline,3771,0.004867099010114743,0.0029122363069397357,0.46421275985533406,0.5171380923516846,0.5211640211640212,0.00776946001124906,0.004530414210084906,0.012833730874011911,0.00894167641739105,,,,,
y_rv_h20,20,realized_vol,rw_vol,baseline,3771,0.00570586145504072,0.0033626909659638968,0.6026371395023307,0.4942250827149259,0.5052910052910053,0.011566122792304113,0.0077567158454274095,0.014190375174698405,0.009484191371107998,,,,,
y_rv_h20,20,realized_vol,train_mean,baseline,3771,0.006388900924788949,0.004493985596687401,0.8798262170484019,-0.06422886621151926,0.0,0.011531837856514496,0.007378359812366943,0.015910754658558384,0.012554755013875233,,,,,
y_rv_h20,20,realized_vol,zero,baseline,3771,0.01085174747290462,0.009167829473430655,8.373583145889215,0.0,0.10023866348448687,0.018583398180760352,0.01641653032289386,0.023738528008620127,0.021819862188115262,,,,,
y_rv_h5,5,realized_vol,ewma,baseline,3771,0.005234211509802688,0.0032365025792032635,0.5626483197875907,0.5396517127395009,0.5343915343915344,0.010531016222558497,0.00611774933951503,0.01338629775101518,0.009435657454234778,,,,,
y_rv_h5,5,realized_vol,garch11,baseline,3771,0.0048837921573316855,0.0031270982743888233,0.5158844923096892,0.5610818268253739,0.5185185185185185,0.009205328509180676,0.005784205083963942,0.012175905214089807,0.008984691356321689,,,,,
y_rv_h5,5,realized_vol,har,baseline,3771,0.004990206181393709,0.003169480511331627,0.5361890306296856,0.5580329619184282,0.5026455026455027,0.009608171146830706,0.005878441121228254,0.0124767018293107,0.009070577689172968,,,,,
y_rv_h5,5,realized_vol,regime_both_shuffle,regime,3771,0.004764972559905333,0.0029929513817869686,0.6624081863334518,0.6178310778340294,0.5370370370370371,0.009368265413191615,0.005792545099960381,0.012010905608408827,0.008506217614194593,2.7333333333333334,2.0,0.7333333333333333,shuffle,shuffle
y_rv_h5,5,realized_vol,regime_expert_shuffle,regime,3771,0.004784718983792182,0.0030022184172355994,0.6721419504578244,0.6192971786192231,0.5291005291005291,0.009504745716881268,0.00599026700243568,0.012144196447489226,0.008759903076551225,2.6666666666666665,2.0,0.4666666666666667,shuffle,true
y_rv_h5,5,realized_vol,regime_gate_shuffle,regime,3771,0.004843967098693883,0.0030318140118463397,0.7076787208256987,0.611091733011552,0.5317460317460317,0.00941161487516287,0.005579431627921093,0.012308012761452889,0.008704690107118718,2.6,2.0,0.9333333333333332,true,shuffle
y_rv_h5,5,realized_vol,regime_normal,regime,3771,0.004925059221217329,0.003028415245837642,0.5974706024208444,0.6209329261853554,0.5634920634920635,0.010067125418339366,0.005952107946498189,0.012693815328730755,0.008874459668977925,3.1333333333333333,3.0,0.7333333333333333,true,true
y_rv_h5,5,realized_vol,regime_single,regime,3771,0.004719030293990544,0.002929560706404676,0.5584944056689304,0.6346227887726332,0.5423280423280423,0.009287287623476708,0.00558819454978305,0.011979889063438614,0.008407052383785446,2.0,2.0,0.0,single,single
y_rv_h5,5,realized_vol,ridge,baseline,3771,0.004719030293990544,0.002929560706404676,0.5584944056689304,0.6346227887726332,0.5423280423280423,0.009287287623476708,0.00558819454978305,0.011979889063438614,0.008407052383785446,,,,,
y_rv_h5,5,realized_vol,rw_vol,baseline,3771,0.005395363705863974,0.0035691649158868495,1.020363701541573,0.5496153283247687,0.48412698412698413,0.010571455941500118,0.007399779986613823,0.012114962385632566,0.008975349721443406,,,,,
y_rv_h5,5,realized_vol,train_mean,baseline,3771,0.007041545841125038,0.004760047343077791,1.2120444791703078,-0.06183802494482701,0.003992015968063872,0.01512522882604723,0.009443705976604358,0.017884541026940336,0.014026440738745491,,,,,
y_rv_h5,5,realized_vol,zero,baseline,3771,0.010849876972707524,0.008647135772926796,37.78308770488362,0.0,0.10023866348448687,0.021391296859290483,0.01784240842839719,0.02502348412190192,0.022579573282126012,,,,,
